regime,experiment,model,config_name,selection_rule,threshold,accuracy,precision,sensitivity,specificity,f1,tn,fp,fn,tp,youden_index,details
all_epochs,advanced_full,XGBoost,config_1,max_f1,0.45,0.6734477949309864,0.31006071118820466,0.5153772224891879,0.7130058324815104,0.3871841155234657,11858,4773,2017,2145,0.22838305497069822,
all_epochs,advanced_full,XGBoost,config_1,max_youden,0.45,0.6734477949309864,0.31006071118820466,0.5153772224891879,0.7130058324815104,0.3871841155234657,11858,4773,2017,2145,0.22838305497069822,
all_epochs,advanced_full,XGBoost,config_1,sensitivity_ge_0.70_max_specificity,0.3,0.458231135478286,0.23442757795558214,0.753243632868813,0.3844026216102459,0.3575705731394354,6393,10238,1027,3135,0.13764625447905887,
all_epochs,advanced_full,XGBoost,config_2,max_f1,0.45,0.6673880632905305,0.3081103678929766,0.5312349831811629,0.7014611268113764,0.3900158758158405,11666,4965,1951,2211,0.2326961099925393,
all_epochs,advanced_full,XGBoost,config_2,max_youden,0.45,0.6673880632905305,0.3081103678929766,0.5312349831811629,0.7014611268113764,0.3900158758158405,11666,4965,1951,2211,0.2326961099925393,
all_epochs,advanced_full,XGBoost,config_2,sensitivity_ge_0.70_max_specificity,0.3,0.45202712451305727,0.23368684636912654,0.7623738587217683,0.3743611328242439,0.3577226606538895,6226,10405,989,3173,0.1367349915460121,
all_epochs,advanced_full,XGBoost,config_3,max_f1,0.5,0.704564035973645,0.3327140685694984,0.47333012974531474,0.762431603631772,0.3907567192303878,12680,3951,2192,1970,0.23576173337708672,
all_epochs,advanced_full,XGBoost,config_3,max_youden,0.5,0.704564035973645,0.3327140685694984,0.47333012974531474,0.762431603631772,0.3907567192303878,12680,3951,2192,1970,0.23576173337708672,
all_epochs,advanced_full,XGBoost,config_3,sensitivity_ge_0.70_max_specificity,0.35,0.4630404463040446,0.23551627766447616,0.7491590581451225,0.3914376766279839,0.35837020860870067,6510,10121,1044,3118,0.1405967347731063,
all_epochs,advanced_full,XGBoost,config_4,max_f1,0.5,0.704323570432357,0.33372404554588075,0.47885631907736664,0.7607480007215441,0.39332938622459046,12652,3979,2169,1993,0.23960431979891084,
all_epochs,advanced_full,XGBoost,config_4,max_youden,0.5,0.704323570432357,0.33372404554588075,0.47885631907736664,0.7607480007215441,0.39332938622459046,12652,3979,2169,1993,0.23960431979891084,
all_epochs,advanced_full,XGBoost,config_4,sensitivity_ge_0.70_max_specificity,0.35,0.45904871831866495,0.23579418344519015,0.7597308986064392,0.3838013348565931,0.3598907352606419,6383,10248,1000,3162,0.14353223346303223,
all_epochs,advanced_full,XGBoost,config_5,max_f1,0.4,0.6448804886259799,0.2913752913752914,0.5406054781355117,0.6709758884011785,0.3786603837091888,11159,5472,1912,2250,0.21158136653669013,
all_epochs,advanced_full,XGBoost,config_5,max_youden,0.4,0.6448804886259799,0.2913752913752914,0.5406054781355117,0.6709758884011785,0.3786603837091888,11159,5472,1912,2250,0.21158136653669013,
all_epochs,advanced_full,XGBoost,config_5,sensitivity_ge_0.70_max_specificity,0.25,0.4420718511037368,0.23130824243299863,0.7693416626621816,0.3601707654380374,0.35567897806164955,5990,10641,960,3202,0.1295124281002189,
all_epochs,advanced_full,XGBoost,config_6,max_f1,0.5,0.7177415476362238,0.3464099334173115,0.4625180201826045,0.7816126510732968,0.39613128922728674,12999,3632,2237,1925,0.24413067125590127,
all_epochs,advanced_full,XGBoost,config_6,max_youden,0.5,0.7177415476362238,0.3464099334173115,0.4625180201826045,0.7816126510732968,0.39613128922728674,12999,3632,2237,1925,0.24413067125590127,
all_epochs,advanced_full,XGBoost,config_6,sensitivity_ge_0.70_max_specificity,0.35,0.4921367767998846,0.24371094375901298,0.7308986064392119,0.43238530455174073,0.36553713049747655,7191,9440,1120,3042,0.16328391099095274,
all_epochs,advanced_late_fusion,XGBoost,config_1,max_f1,0.45,0.641369691723176,0.2964793082149475,0.5766458433445459,0.6575671937947207,0.39161295586195644,10936,5695,1762,2400,0.23421303713926678,
all_epochs,advanced_late_fusion,XGBoost,config_1,max_youden,0.45,0.641369691723176,0.2964793082149475,0.5766458433445459,0.6575671937947207,0.39161295586195644,10936,5695,1762,2400,0.23421303713926678,
all_epochs,advanced_late_fusion,XGBoost,config_1,sensitivity_ge_0.70_max_specificity,0.4,0.5237820420333766,0.25653206650831356,0.7265737626141279,0.4730322890986712,0.37918495297805643,7867,8764,1138,3024,0.1996060517127991,
all_epochs,advanced_late_fusion,XGBoost,config_2,max_f1,0.45,0.6472851440388593,0.30258899676375406,0.5840941854877463,0.6630990319283266,0.39865529681862905,11028,5603,1731,2431,0.24719321741607292,
all_epochs,advanced_late_fusion,XGBoost,config_2,max_youden,0.45,0.6472851440388593,0.30258899676375406,0.5840941854877463,0.6630990319283266,0.39865529681862905,11028,5603,1731,2431,0.24719321741607292,
all_epochs,advanced_late_fusion,XGBoost,config_2,sensitivity_ge_0.70_max_specificity,0.4,0.5235896696003463,0.25722738799661876,0.7311388755406055,0.47164932956526967,0.38056528264132067,7844,8787,1119,3043,0.20278820510587514,
all_epochs,advanced_late_fusion,XGBoost,config_3,max_f1,0.5,0.7188476891261483,0.3513418079096045,0.478135511773186,0.779087246707955,0.4050478322817016,12957,3674,2172,1990,0.25722275848114107,
all_epochs,advanced_late_fusion,XGBoost,config_3,max_youden,0.5,0.7188476891261483,0.3513418079096045,0.478135511773186,0.779087246707955,0.4050478322817016,12957,3674,2172,1990,0.25722275848114107,
all_epochs,advanced_late_fusion,XGBoost,config_3,sensitivity_ge_0.70_max_specificity,0.4,0.45900062521040735,0.24064993046915026,0.7900048053820279,0.37616499308520235,0.3689200561009818,6256,10375,874,3288,0.16616979846723012,
all_epochs,advanced_late_fusion,XGBoost,config_4,max_f1,0.5,0.717933920069254,0.3516808918306915,0.4851033157135992,0.7762010702904215,0.4077552256891851,12909,3722,2143,2019,0.26130438600402073,
all_epochs,advanced_late_fusion,XGBoost,config_4,max_youden,0.5,0.717933920069254,0.3516808918306915,0.4851033157135992,0.7762010702904215,0.4077552256891851,12909,3722,2143,2019,0.26130438600402073,
all_epochs,advanced_late_fusion,XGBoost,config_4,sensitivity_ge_0.70_max_specificity,0.4,0.4512095416726783,0.23903808769529844,0.7976934166266219,0.3645000300643377,0.36784665669491995,6062,10569,842,3320,0.1621934466909596,
all_epochs,advanced_late_fusion,XGBoost,config_5,max_f1,0.45,0.6809022267109123,0.3160244011307841,0.5103315713599231,0.7235884793458001,0.39033354773499956,12034,4597,2038,2124,0.23392005070572308,
all_epochs,advanced_late_fusion,XGBoost,config_5,max_youden,0.45,0.6809022267109123,0.3160244011307841,0.5103315713599231,0.7235884793458001,0.39033354773499956,12034,4597,2038,2124,0.23392005070572308,
all_epochs,advanced_late_fusion,XGBoost,config_5,sensitivity_ge_0.70_max_specificity,0.35,0.46943682970230366,0.24361845051500225,0.7842383469485824,0.39065600384823523,0.371753986332574,6497,10134,898,3264,0.1748943507968177,
all_epochs,advanced_late_fusion,XGBoost,config_6,max_f1,0.5,0.7304862213244842,0.3628234398782344,0.45819317635752044,0.7986290662016716,0.4049692078997664,13282,3349,2255,1907,0.25682224255919195,
all_epochs,advanced_late_fusion,XGBoost,config_6,max_youden,0.5,0.7304862213244842,0.3628234398782344,0.45819317635752044,0.7986290662016716,0.4049692078997664,13282,3349,2255,1907,0.25682224255919195,
all_epochs,advanced_late_fusion,XGBoost,config_6,sensitivity_ge_0.70_max_specificity,0.4,0.4744866060693503,0.24558104550582927,0.7844786160499759,0.3969093860862245,0.3740619808672739,6601,10030,897,3265,0.18138800213620043,
all_epochs,advanced_respiratory,XGBoost,config_1,max_f1,0.4,0.5519646034723225,0.2572989263514786,0.6564151850072081,0.5258252660693885,0.3696887686062246,8745,7886,1430,2732,0.1822404510765967,
all_epochs,advanced_respiratory,XGBoost,config_1,max_youden,0.45,0.6192949550329437,0.2762279446828803,0.5567035079288803,0.6349588118573748,0.3692430278884462,10560,6071,1845,2317,0.19166231978625525,
all_epochs,advanced_respiratory,XGBoost,config_1,sensitivity_ge_0.70_max_specificity,0.35,0.4779974029721541,0.24029804408568767,0.7438731379144642,0.4114605255246227,0.3632523759239704,6843,9788,1066,3096,0.15533366343908694,
all_epochs,advanced_respiratory,XGBoost,config_2,max_f1,0.4,0.5530226518539894,0.25874388867995485,0.6612205670350793,0.525945523420119,0.3719421543451818,8747,7884,1410,2752,0.1871660904551984,
all_epochs,advanced_respiratory,XGBoost,config_2,max_youden,0.45,0.622180541528399,0.2781114848630466,0.5562229697260932,0.6386867897300222,0.3708153131507288,10622,6009,1847,2315,0.19490975945611533,
all_epochs,advanced_respiratory,XGBoost,config_2,sensitivity_ge_0.70_max_specificity,0.35,0.48069061703457894,0.24191039203484754,0.747236905333974,0.4139859298899645,0.36549535785638737,6885,9746,1052,3110,0.16122283522393843,
all_epochs,advanced_respiratory,XGBoost,config_3,max_f1,0.45,0.5983744529408935,0.2761568878914182,0.620855358000961,0.5927484817509471,0.3822767956209779,9858,6773,1578,2584,0.213603839751908,
all_epochs,advanced_respiratory,XGBoost,config_3,max_youden,0.45,0.5983744529408935,0.2761568878914182,0.620855358000961,0.5927484817509471,0.3822767956209779,9858,6773,1578,2584,0.213603839751908,
all_epochs,advanced_respiratory,XGBoost,config_3,sensitivity_ge_0.70_max_specificity,0.4,0.5100755061799644,0.24914647347822466,0.7188851513695339,0.4578197342312549,0.37004514253911325,7614,9017,1170,2992,0.17670488560078867,
all_epochs,advanced_respiratory,XGBoost,config_4,max_f1,0.45,0.5959697975280143,0.27435324177579046,0.6191734742912062,0.5901629487102399,0.38022869789745484,9815,6816,1585,2577,0.20933642300144606,
all_epochs,advanced_respiratory,XGBoost,config_4,max_youden,0.45,0.5959697975280143,0.27435324177579046,0.6191734742912062,0.5901629487102399,0.38022869789745484,9815,6816,1585,2577,0.20933642300144606,
all_epochs,advanced_respiratory,XGBoost,config_4,sensitivity_ge_0.70_max_specificity,0.4,0.5052181022459482,0.2482327798783495,0.7256126862085536,0.45006313510913354,0.3699167074963253,7485,9146,1142,3020,0.17567582131768722,
all_epochs,advanced_respiratory,XGBoost,config_5,max_f1,0.35,0.5312364738133025,0.25188804975566415,0.6811629024507448,0.4937165534243281,0.36777583187390545,8211,8420,1327,2835,0.17487945587507303,
all_epochs,advanced_respiratory,XGBoost,config_5,max_youden,0.4,0.5935170490068773,0.26674641148325356,0.5893801057184046,0.5945523420119054,0.3672705494834556,9888,6743,1709,2453,0.18393244773031014,
all_epochs,advanced_respiratory,XGBoost,config_5,sensitivity_ge_0.70_max_specificity,0.3,0.46366565671139326,0.23598730926121772,0.7506006727534839,0.39185857735554086,0.35908045977011493,6517,10114,1038,3124,0.14245925010902472,
all_epochs,advanced_respiratory,XGBoost,config_6,max_f1,0.45,0.6075602366180927,0.27634817632579994,0.5934646804420951,0.611087727737358,0.37709923664122136,10163,6468,1692,2470,0.20455240817945297,
all_epochs,advanced_respiratory,XGBoost,config_6,max_youden,0.45,0.6075602366180927,0.27634817632579994,0.5934646804420951,0.611087727737358,0.37709923664122136,10163,6468,1692,2470,0.20455240817945297,
all_epochs,advanced_respiratory,XGBoost,config_6,sensitivity_ge_0.70_max_specificity,0.35,0.4409176165055548,0.23382552250517155,0.7876021143680922,0.35415789790150926,0.36059622683020737,5890,10741,884,3278,0.14176001226960144,
all_epochs,advanced_respiratory_spo2,XGBoost,config_1,max_f1,0.5,0.7116337228875103,0.3423314993122421,0.47837578087457955,0.7700078167277975,0.3990779715373822,12806,3825,2171,1991,0.24838359760237694,
all_epochs,advanced_respiratory_spo2,XGBoost,config_1,max_youden,0.5,0.7116337228875103,0.3423314993122421,0.47837578087457955,0.7700078167277975,0.3990779715373822,12806,3825,2171,1991,0.24838359760237694,
all_epochs,advanced_respiratory_spo2,XGBoost,config_1,sensitivity_ge_0.70_max_specificity,0.35,0.5142115134901168,0.2539156376895666,0.7361845266698702,0.4586615356863688,0.37759566208638856,7628,9003,1098,3064,0.1948460623562389,
all_epochs,advanced_respiratory_spo2,XGBoost,config_2,max_f1,0.45,0.660462655701438,0.3092919189260332,0.5646323882748678,0.6844447116830016,0.39965986394557823,11383,5248,1812,2350,0.2490770999578693,
all_epochs,advanced_respiratory_spo2,XGBoost,config_2,max_youden,0.45,0.660462655701438,0.3092919189260332,0.5646323882748678,0.6844447116830016,0.39965986394557823,11383,5248,1812,2350,0.2490770999578693,
all_epochs,advanced_respiratory_spo2,XGBoost,config_2,sensitivity_ge_0.70_max_specificity,0.35,0.518972731207618,0.25626043405676124,0.7376261412782317,0.46425350249534003,0.3803741791599554,7721,8910,1092,3070,0.2018796437735717,
all_epochs,advanced_respiratory_spo2,XGBoost,config_3,max_f1,0.5,0.704564035973645,0.3409346394732616,0.5100913022585295,0.7532319163008839,0.4087015112137838,12527,4104,2039,2123,0.26332321855941343,
all_epochs,advanced_respiratory_spo2,XGBoost,config_3,max_youden,0.5,0.704564035973645,0.3409346394732616,0.5100913022585295,0.7532319163008839,0.4087015112137838,12527,4104,2039,2123,0.26332321855941343,
all_epochs,advanced_respiratory_spo2,XGBoost,config_3,sensitivity_ge_0.70_max_specificity,0.4,0.5429230991198961,0.26433739191812244,0.7198462277751081,0.49864710480428115,0.3866804336602994,8293,8338,1166,2996,0.2184933325793892,
all_epochs,advanced_respiratory_spo2,XGBoost,config_4,max_f1,0.5,0.7091328812581157,0.34701492537313433,0.5139356078808265,0.7579820816547411,0.41429401510749564,12606,4025,2023,2139,0.2719176895355675,
all_epochs,advanced_respiratory_spo2,XGBoost,config_4,max_youden,0.5,0.7091328812581157,0.34701492537313433,0.5139356078808265,0.7579820816547411,0.41429401510749564,12606,4025,2023,2139,0.2719176895355675,
all_epochs,advanced_respiratory_spo2,XGBoost,config_4,sensitivity_ge_0.70_max_specificity,0.4,0.5468186408887606,0.26565701559020044,0.7164824603555983,0.504359328963983,0.38759992201208815,8388,8243,1180,2982,0.22084178931958132,
all_epochs,advanced_respiratory_spo2,XGBoost,config_5,max_f1,0.45,0.6867695859183379,0.3238951310861423,0.5194617972128784,0.7286392880764837,0.3990034142290302,12118,4513,2000,2162,0.24810108528936214,
all_epochs,advanced_respiratory_spo2,XGBoost,config_5,max_youden,0.45,0.6867695859183379,0.3238951310861423,0.5194617972128784,0.7286392880764837,0.3990034142290302,12118,4513,2000,2162,0.24810108528936214,
all_epochs,advanced_respiratory_spo2,XGBoost,config_5,sensitivity_ge_0.70_max_specificity,0.3,0.49906218438897704,0.24887568262126566,0.7445939452186449,0.43761649930852026,0.3730588660166125,7278,9353,1063,3099,0.18221044452716506,
all_epochs,advanced_respiratory_spo2,XGBoost,config_6,max_f1,0.5,0.715144519790314,0.3515927861115793,0.5012013455069678,0.7686849858697613,0.4132738979692917,12784,3847,2076,2086,0.26988633137672924,
all_epochs,advanced_respiratory_spo2,XGBoost,config_6,max_youden,0.5,0.715144519790314,0.3515927861115793,0.5012013455069678,0.7686849858697613,0.4132738979692917,12784,3847,2076,2086,0.26988633137672924,
all_epochs,advanced_respiratory_spo2,XGBoost,config_6,sensitivity_ge_0.70_max_specificity,0.35,0.47746837878132065,0.24638668180098372,0.7823161941374339,0.40117852203715954,0.37474823041952005,6672,9959,906,3256,0.18349471617459345,
all_epochs,advanced_spo2,XGBoost,config_1,max_f1,0.45,0.6373298706295388,0.29622482209624895,0.5901009130225853,0.6491491792435813,0.3944431060788565,10796,5835,1706,2456,0.23925009226616645,
all_epochs,advanced_spo2,XGBoost,config_1,max_youden,0.45,0.6373298706295388,0.29622482209624895,0.5901009130225853,0.6491491792435813,0.3944431060788565,10796,5835,1706,2456,0.23925009226616645,
all_epochs,advanced_spo2,XGBoost,config_1,sensitivity_ge_0.70_max_specificity,0.4,0.557014379839369,0.26833073322932915,0.7025468524747718,0.5205940713126089,0.38833919915001,8658,7973,1238,2924,0.2231409237873807,
all_epochs,advanced_spo2,XGBoost,config_2,max_f1,0.45,0.636608474005675,0.29778360343183985,0.6004324843825084,0.645661716072395,0.3981201210769476,10738,5893,1663,2499,0.24609420045490338,
all_epochs,advanced_spo2,XGBoost,config_2,max_youden,0.45,0.636608474005675,0.29778360343183985,0.6004324843825084,0.645661716072395,0.3981201210769476,10738,5893,1663,2499,0.24609420045490338,
all_epochs,advanced_spo2,XGBoost,config_2,sensitivity_ge_0.70_max_specificity,0.4,0.5594671283605059,0.2700588884799411,0.7051898125901009,0.5229992183272203,0.39055222887558216,8698,7933,1227,2935,0.22818903091732112,
all_epochs,advanced_spo2,XGBoost,config_3,max_f1,0.5,0.6885971240321263,0.32474617366267616,0.5148966842864008,0.7320666225723047,0.3982901217358982,12175,4456,2019,2143,0.2469633068587056,
all_epochs,advanced_spo2,XGBoost,config_3,max_youden,0.55,0.7395277256769105,0.3704009921455147,0.43056222969726093,0.8168480548373519,0.3982222222222222,13585,3046,2370,1792,0.2474102845346129,
all_epochs,advanced_spo2,XGBoost,config_3,sensitivity_ge_0.70_max_specificity,0.4,0.52570576636368,0.2609862462260986,0.7477174435367612,0.47014611268113765,0.38692030336938954,7819,8812,1050,3112,0.21786355621789877,
all_epochs,advanced_spo2,XGBoost,config_4,max_f1,0.45,0.622421007069687,0.2942095280598014,0.6335896203748198,0.6196259996392279,0.4018285714285714,10305,6326,1525,2637,0.2532156200140476,
all_epochs,advanced_spo2,XGBoost,config_4,max_youden,0.45,0.622421007069687,0.2942095280598014,0.6335896203748198,0.6196259996392279,0.4018285714285714,10305,6326,1525,2637,0.2532156200140476,
all_epochs,advanced_spo2,XGBoost,config_4,sensitivity_ge_0.70_max_specificity,0.4,0.5294089356995143,0.26296265070398783,0.7493993272465161,0.47435511995670737,0.3893153591711914,7889,8742,1043,3119,0.22375444720322357,
all_epochs,advanced_spo2,XGBoost,config_5,max_f1,0.45,0.6494012408021931,0.3024254674077817,0.5752042287361845,0.6679694546329145,0.39642324888226527,11109,5522,1768,2394,0.24317368336909895,
all_epochs,advanced_spo2,XGBoost,config_5,max_youden,0.45,0.6494012408021931,0.3024254674077817,0.5752042287361845,0.6679694546329145,0.39642324888226527,11109,5522,1768,2394,0.24317368336909895,
all_epochs,advanced_spo2,XGBoost,config_5,sensitivity_ge_0.70_max_specificity,0.35,0.5184437070167845,0.25768243187277395,0.7474771744353677,0.46112681137634537,0.3832460732984293,7669,8962,1051,3111,0.20860398581171302,
all_epochs,advanced_spo2,XGBoost,config_6,max_f1,0.5,0.6953782522964459,0.330259456080025,0.507688611244594,0.7423486260597679,0.40018939393939396,12346,4285,2049,2113,0.2500372373043618,
all_epochs,advanced_spo2,XGBoost,config_6,max_youden,0.5,0.6953782522964459,0.330259456080025,0.507688611244594,0.7423486260597679,0.40018939393939396,12346,4285,2049,2113,0.2500372373043618,
all_epochs,advanced_spo2,XGBoost,config_6,sensitivity_ge_0.70_max_specificity,0.4,0.5425383542538355,0.2660486269022214,0.7308986064392119,0.495400156334556,0.39010002564760193,8239,8392,1120,3042,0.22629876277376781,
sleep_only,advanced_full,XGBoost,config_1,max_f1,0.4,0.5342005352586046,0.2594776748104465,0.6182965299684543,0.5108903020667727,0.3655476432689047,6427,6153,1331,2156,0.12918683203522696,
sleep_only,advanced_full,XGBoost,config_1,max_youden,0.5,0.6665836808364972,0.30689797604295743,0.4261542873530255,0.7332273449920509,0.35682554928562854,9224,3356,2001,1486,0.15938163234507652,
sleep_only,advanced_full,XGBoost,config_1,sensitivity_ge_0.70_max_specificity,0.3,0.40349785274164435,0.2362661129855524,0.7831947232578147,0.2982511923688394,0.36302007177987505,3752,8828,756,2731,0.08144591562665404,
sleep_only,advanced_full,XGBoost,config_2,max_f1,0.45,0.6045310263272546,0.28217596110013676,0.5325494694579868,0.624483306836248,0.36889153754469606,7856,4724,1630,1857,0.15703277629423473,
sleep_only,advanced_full,XGBoost,config_2,max_youden,0.5,0.6630982759693782,0.3042682926829268,0.4293088614855176,0.7279014308426073,0.3561317949327941,9157,3423,1990,1497,0.1572102923281249,
sleep_only,advanced_full,XGBoost,config_2,sensitivity_ge_0.70_max_specificity,0.35,0.47158772639571794,0.24765459497629375,0.7040435904789217,0.40715421303656596,0.3664179104477612,5122,7458,1032,2455,0.11119780351548769,
sleep_only,advanced_full,XGBoost,config_3,max_f1,0.45,0.5539304163814028,0.26649746192893403,0.6022368798394035,0.5405405405405406,0.3694906307732911,6800,5780,1387,2100,0.14277742037994412,
sleep_only,advanced_full,XGBoost,config_3,max_youden,0.55,0.7061056824547208,0.3403154900439617,0.37740177803269287,0.7972178060413354,0.357900462333424,10029,2551,2171,1316,0.17461958407402833,
sleep_only,advanced_full,XGBoost,config_3,sensitivity_ge_0.70_max_specificity,0.35,0.40163067156283067,0.23496842287395103,0.7788930312589618,0.29705882352941176,0.36102618636182376,3737,8843,771,2716,0.07595185478837352,
sleep_only,advanced_full,XGBoost,config_4,max_f1,0.45,0.5552996825791996,0.2693568726355612,0.6125609406366505,0.5394276629570747,0.37417885609179297,6786,5794,1351,2136,0.151988603593725,
sleep_only,advanced_full,XGBoost,config_4,max_youden,0.55,0.7035538681770088,0.34057971014492755,0.39088041296243187,0.7902225755166932,0.3640005341167045,9941,2639,2124,1363,0.1811029884791251,
sleep_only,advanced_full,XGBoost,config_4,sensitivity_ge_0.70_max_specificity,0.4,0.47370386506504014,0.24804786532806003,0.70146257527961,0.4105723370429253,0.3664968534611927,5165,7415,1041,2446,0.11203491232253526,
sleep_only,advanced_full,XGBoost,config_5,max_f1,0.25,0.3965270430074065,0.23634819532908705,0.7981072555205048,0.28521462639109696,0.36469663215830167,3588,8992,704,2783,0.08332188191160173,
sleep_only,advanced_full,XGBoost,config_5,max_youden,0.5,0.6782846828903965,0.30304449648711945,0.3710926297677086,0.7634340222575516,0.33363413690859867,9604,2976,2193,1294,0.13452665202526015,
sleep_only,advanced_full,XGBoost,config_5,sensitivity_ge_0.70_max_specificity,0.3,0.4488081160141906,0.240602956807421,0.7140808718095785,0.3752782193958665,0.3599306157849089,4721,7859,997,2490,0.08935909120544494,
sleep_only,advanced_full,XGBoost,config_6,max_f1,0.45,0.585112342067592,0.27877522616562284,0.5744192715801548,0.5880763116057234,0.37537481259370314,7398,5182,1484,2003,0.1624955831858781,
sleep_only,advanced_full,XGBoost,config_6,max_youden,0.5,0.6538246094479367,0.3035409960234804,0.459707484944078,0.707631160572337,0.3656478102189781,8902,3678,1884,1603,0.16733864551641497,
sleep_only,advanced_full,XGBoost,config_6,sensitivity_ge_0.70_max_specificity,0.35,0.42876703802825666,0.24091778202676864,0.7588184685976485,0.33728139904610493,0.36572218382861094,4243,8337,841,2646,0.09609986764375344,
sleep_only,advanced_late_fusion,XGBoost,config_1,max_f1,0.45,0.5982448496919152,0.286105505909484,0.5692572411815314,0.6062798092209857,0.3808153477218225,7627,4953,1502,1985,0.1755370504025171,
sleep_only,advanced_late_fusion,XGBoost,config_1,max_youden,0.5,0.6980768033858219,0.3347067377605429,0.3960424433610554,0.7817965023847376,0.3628004728753448,9835,2745,2106,1381,0.17783894574579295,
sleep_only,advanced_late_fusion,XGBoost,config_1,sensitivity_ge_0.70_max_specificity,0.4,0.47009398145266695,0.2509166584084828,0.7261256094063665,0.39912559618441973,0.3729562527618206,5021,7559,955,2532,0.12525120559078617,
sleep_only,advanced_late_fusion,XGBoost,config_2,max_f1,0.45,0.5856102570486089,0.2784686321084253,0.5715514769142529,0.5895071542130366,0.37448327696354755,7416,5164,1494,1993,0.16105863112728946,
sleep_only,advanced_late_fusion,XGBoost,config_2,max_youden,0.5,0.6904213605526857,0.3250176512120499,0.3960424433610554,0.7720190779014309,0.3570320579110651,9712,2868,2106,1381,0.1680615212624863,
sleep_only,advanced_late_fusion,XGBoost,config_2,sensitivity_ge_0.70_max_specificity,0.4,0.45521877139478434,0.24496319256102286,0.7252652710065959,0.3803656597774245,0.3662298168126855,4785,7795,958,2529,0.10563093078402042,
sleep_only,advanced_late_fusion,XGBoost,config_3,max_f1,0.5,0.6531399763490384,0.30756457564575646,0.4780613708058503,0.7016693163751987,0.37431233861008195,8827,3753,1820,1667,0.17973068718104912,
sleep_only,advanced_late_fusion,XGBoost,config_3,max_youden,0.5,0.6531399763490384,0.30756457564575646,0.4780613708058503,0.7016693163751987,0.37431233861008195,8827,3753,1820,1667,0.17973068718104912,
sleep_only,advanced_late_fusion,XGBoost,config_3,sensitivity_ge_0.70_max_specificity,0.4,0.38594634966079544,0.2332524880822949,0.7998279323200459,0.2712241653418124,0.3611758611758612,3412,9168,698,2789,0.07105209766185827,
sleep_only,advanced_late_fusion,XGBoost,config_4,max_f1,0.5,0.6515217526607332,0.30480591497227355,0.47289934040722686,0.701033386327504,0.3706867483421378,8819,3761,1838,1649,0.1739327267347308,
sleep_only,advanced_late_fusion,XGBoost,config_4,max_youden,0.5,0.6515217526607332,0.30480591497227355,0.47289934040722686,0.701033386327504,0.3706867483421378,8819,3761,1838,1649,0.1739327267347308,
sleep_only,advanced_late_fusion,XGBoost,config_4,sensitivity_ge_0.70_max_specificity,0.4,0.3796601730254559,0.23174366616989567,0.8026957269859478,0.2624006359300477,0.3596530677802763,3301,9279,688,2799,0.06509636291599552,
sleep_only,advanced_late_fusion,XGBoost,config_5,max_f1,0.45,0.6397585112342068,0.30015633142261594,0.49555491826785203,0.6797297297297298,0.3738641280830809,8551,4029,1759,1728,0.1752846479975818,
sleep_only,advanced_late_fusion,XGBoost,config_5,max_youden,0.45,0.6397585112342068,0.30015633142261594,0.49555491826785203,0.6797297297297298,0.3738641280830809,8551,4029,1759,1728,0.1752846479975818,
sleep_only,advanced_late_fusion,XGBoost,config_5,sensitivity_ge_0.70_max_specificity,0.35,0.4090993962780855,0.23830269234120416,0.7843418411241755,0.30508744038155805,0.36554397219994655,3838,8742,752,2735,0.0894292815057336,
sleep_only,advanced_late_fusion,XGBoost,config_6,max_f1,0.45,0.5431007655442833,0.2656288007783994,0.6263263550329796,0.5200317965023847,0.3730463745836536,6542,6038,1303,2184,0.14635815153536447,
sleep_only,advanced_late_fusion,XGBoost,config_6,max_youden,0.5,0.670006846330989,0.31097687981670485,0.4281617436191569,0.7370429252782194,0.36027992277992277,9272,3308,1994,1493,0.16520466889737628,
sleep_only,advanced_late_fusion,XGBoost,config_6,sensitivity_ge_0.70_max_specificity,0.4,0.40356009211427146,0.23755811951093508,0.7912245483223401,0.2961049284578696,0.36540626448579566,3725,8855,728,2759,0.08732947678020975,
sleep_only,advanced_respiratory,XGBoost,config_1,max_f1,0.4,0.5490135059438601,0.27707270786383587,0.6699168339546888,0.5155007949125596,0.3920120825641886,6485,6095,1151,2336,0.18541762886724844,
sleep_only,advanced_respiratory,XGBoost,config_1,max_youden,0.4,0.5490135059438601,0.27707270786383587,0.6699168339546888,0.5155007949125596,0.3920120825641886,6485,6095,1151,2336,0.18541762886724844,
sleep_only,advanced_respiratory,XGBoost,config_1,sensitivity_ge_0.70_max_specificity,0.35,0.48279081346860026,0.26111936602278357,0.7559506739317465,0.4070747217806041,0.38816080106022677,5121,7459,851,2636,0.16302539571235064,
sleep_only,advanced_respiratory,XGBoost,config_2,max_f1,0.4,0.5477687184913176,0.27683949450809026,0.6722110696874104,0.5132750397456279,0.3921699849422787,6457,6123,1143,2344,0.18548610943303823,
sleep_only,advanced_respiratory,XGBoost,config_2,max_youden,0.4,0.5477687184913176,0.27683949450809026,0.6722110696874104,0.5132750397456279,0.3921699849422787,6457,6123,1143,2344,0.18548610943303823,
sleep_only,advanced_respiratory,XGBoost,config_2,sensitivity_ge_0.70_max_specificity,0.35,0.48366216468538,0.26181277860326896,0.7579581301978778,0.40763116057233706,0.38919157708732144,5128,7452,844,2643,0.16558929077021478,
sleep_only,advanced_respiratory,XGBoost,config_3,max_f1,0.45,0.5765233086450489,0.2862482278644155,0.6369371952968167,0.5597774244833068,0.39498488351413835,7042,5538,1266,2221,0.1967146197801235,
sleep_only,advanced_respiratory,XGBoost,config_3,max_youden,0.45,0.5765233086450489,0.2862482278644155,0.6369371952968167,0.5597774244833068,0.39498488351413835,7042,5538,1266,2221,0.1967146197801235,
sleep_only,advanced_respiratory,XGBoost,config_3,sensitivity_ge_0.70_max_specificity,0.4,0.49442957614987243,0.2645266151970744,0.7467737310008603,0.424483306836248,0.39066836696421875,5340,7240,883,2604,0.17125703783710833,
sleep_only,advanced_respiratory,XGBoost,config_4,max_f1,0.45,0.5760253936640318,0.2853453841187863,0.6337826211643246,0.5600158982511924,0.39351851851851855,7045,5535,1277,2210,0.19379851941551696,
sleep_only,advanced_respiratory,XGBoost,config_4,max_youden,0.45,0.5760253936640318,0.2853453841187863,0.6337826211643246,0.5600158982511924,0.39351851851851855,7045,5535,1277,2210,0.19379851941551696,
sleep_only,advanced_respiratory,XGBoost,config_4,sensitivity_ge_0.70_max_specificity,0.4,0.4948652517582623,0.26404322560913446,0.7427588184685977,0.42615262321144676,0.38959085439229846,5361,7219,897,2590,0.16891144168004457,
sleep_only,advanced_respiratory,XGBoost,config_5,max_f1,0.35,0.5361299558100454,0.27233065442020665,0.6802408947519357,0.4961844197138315,0.3889481019922932,6242,6338,1115,2372,0.17642531446576726,
sleep_only,advanced_respiratory,XGBoost,config_5,max_youden,0.4,0.5931412211364909,0.28593486805165635,0.5841697734442214,0.5956279809220986,0.38394119310149843,7493,5087,1450,2037,0.17979775436631984,
sleep_only,advanced_respiratory,XGBoost,config_5,sensitivity_ge_0.70_max_specificity,0.3,0.4756955249891081,0.25777646943381416,0.7533696587324348,0.3987281399046105,0.38412048545108934,5016,7564,860,2627,0.1520977986370453,
sleep_only,advanced_respiratory,XGBoost,config_6,max_f1,0.45,0.593701375490135,0.28908309058121795,0.5976484083739604,0.5926073131955485,0.38967838444278236,7455,5125,1403,2084,0.19025572156950887,
sleep_only,advanced_respiratory,XGBoost,config_6,max_youden,0.45,0.593701375490135,0.28908309058121795,0.5976484083739604,0.5926073131955485,0.38967838444278236,7455,5125,1403,2084,0.19025572156950887,
sleep_only,advanced_respiratory,XGBoost,config_6,sensitivity_ge_0.70_max_specificity,0.4,0.515839920333603,0.26759800736408923,0.7086320619443648,0.4624006359300477,0.38849147079632107,5817,6763,1016,2471,0.17103269787441255,
sleep_only,advanced_respiratory_spo2,XGBoost,config_1,max_f1,0.45,0.6290533391423414,0.30844306738962046,0.5709779179810726,0.6451510333863275,0.40052303359485014,8116,4464,1496,1991,0.21612895136740007,
sleep_only,advanced_respiratory_spo2,XGBoost,config_1,max_youden,0.45,0.6290533391423414,0.30844306738962046,0.5709779179810726,0.6451510333863275,0.40052303359485014,8116,4464,1496,1991,0.21612895136740007,
sleep_only,advanced_respiratory_spo2,XGBoost,config_1,sensitivity_ge_0.70_max_specificity,0.35,0.4991597684695338,0.26220275344180227,0.720963579007743,0.43767885532591416,0.3845506692160612,5506,7074,973,2514,0.1586424343336572,
sleep_only,advanced_respiratory_spo2,XGBoost,config_2,max_f1,0.45,0.6269372004730193,0.3073613032119256,0.5735589331803843,0.6417329093799682,0.40024014408645187,8073,4507,1487,2000,0.2152918425603525,
sleep_only,advanced_respiratory_spo2,XGBoost,config_2,max_youden,0.45,0.6269372004730193,0.3073613032119256,0.5735589331803843,0.6417329093799682,0.40024014408645187,8073,4507,1487,2000,0.2152918425603525,
sleep_only,advanced_respiratory_spo2,XGBoost,config_2,sensitivity_ge_0.70_max_specificity,0.35,0.4964212360739404,0.26184564452720877,0.7258388299397763,0.43282988871224165,0.3848551661217973,5445,7135,956,2531,0.15866871865201793,
sleep_only,advanced_respiratory_spo2,XGBoost,config_3,max_f1,0.5,0.6700690857036161,0.3349108117946851,0.5276742185259535,0.7095389507154213,0.4097539249526779,8926,3654,1647,1840,0.2372131692413748,
sleep_only,advanced_respiratory_spo2,XGBoost,config_3,max_youden,0.5,0.6700690857036161,0.3349108117946851,0.5276742185259535,0.7095389507154213,0.4097539249526779,8926,3654,1647,1840,0.2372131692413748,
sleep_only,advanced_respiratory_spo2,XGBoost,config_3,sensitivity_ge_0.70_max_specificity,0.4,0.5210057882616543,0.27216628775576485,0.720963579007743,0.4655802861685215,0.39515875510845644,5857,6723,973,2514,0.18654386517626453,
sleep_only,advanced_respiratory_spo2,XGBoost,config_4,max_f1,0.5,0.6721229850003112,0.3376481312670921,0.5311155721250358,0.71120826709062,0.41283994650022293,8947,3633,1635,1852,0.24232383921565592,
sleep_only,advanced_respiratory_spo2,XGBoost,config_4,max_youden,0.5,0.6721229850003112,0.3376481312670921,0.5311155721250358,0.71120826709062,0.41283994650022293,8947,3633,1635,1852,0.24232383921565592,
sleep_only,advanced_respiratory_spo2,XGBoost,config_4,sensitivity_ge_0.70_max_specificity,0.4,0.5193875645733491,0.27140235344920655,0.720963579007743,0.4635135135135135,0.3943529411764706,5831,6749,973,2514,0.18447709252125644,
sleep_only,advanced_respiratory_spo2,XGBoost,config_5,max_f1,0.4,0.6046555050725089,0.29602733874412646,0.5962145110410094,0.6069952305246423,0.3956232159847764,7636,4944,1408,2079,0.20320974156565175,
sleep_only,advanced_respiratory_spo2,XGBoost,config_5,max_youden,0.4,0.6046555050725089,0.29602733874412646,0.5962145110410094,0.6069952305246423,0.3956232159847764,7636,4944,1408,2079,0.20320974156565175,
sleep_only,advanced_respiratory_spo2,XGBoost,config_5,sensitivity_ge_0.70_max_specificity,0.3,0.49075745316487207,0.2600429316160687,0.7295669630054488,0.42456279809220987,0.3834212509419744,5341,7239,943,2544,0.15412976109765864,
sleep_only,advanced_respiratory_spo2,XGBoost,config_6,max_f1,0.45,0.6156718740275098,0.3049346879535559,0.6025236593059937,0.6193163751987282,0.40493398862869806,7791,4789,1386,2101,0.221840034504722,
sleep_only,advanced_respiratory_spo2,XGBoost,config_6,max_youden,0.5,0.6779112466546338,0.33560576548500193,0.49412102093490107,0.7288553259141495,0.3997216100220392,9169,3411,1764,1723,0.22297634684905043,
sleep_only,advanced_respiratory_spo2,XGBoost,config_6,sensitivity_ge_0.70_max_specificity,0.35,0.46250077799215783,0.25436504150367334,0.7645540579294523,0.3787758346581876,0.381729667812142,4765,7815,821,2666,0.14332989258763984,
sleep_only,advanced_spo2,XGBoost,config_1,max_f1,0.45,0.6146138046928487,0.302583564443147,0.5944938342414683,0.6201907790143084,0.4010446894950667,7802,4778,1414,2073,0.2146846132557767,
sleep_only,advanced_spo2,XGBoost,config_1,max_youden,0.5,0.6682641438974295,0.3274021352313167,0.5012905075996559,0.7145468998410175,0.3961024246544301,8989,3591,1739,1748,0.21583740744067326,
sleep_only,advanced_spo2,XGBoost,config_1,sensitivity_ge_0.70_max_specificity,0.35,0.4682890396464804,0.2570165321030373,0.7668482936621738,0.38553259141494434,0.38499748038298176,4850,7730,813,2674,0.15238088507711822,
sleep_only,advanced_spo2,XGBoost,config_2,max_f1,0.45,0.6186593639136118,0.3049068873780668,0.5916260395755664,0.6261526232114467,0.40241880425241394,7877,4703,1424,2063,0.21777866278701308,
sleep_only,advanced_spo2,XGBoost,config_2,max_youden,0.45,0.6186593639136118,0.3049068873780668,0.5916260395755664,0.6261526232114467,0.40241880425241394,7877,4703,1424,2063,0.21777866278701308,
sleep_only,advanced_spo2,XGBoost,config_2,sensitivity_ge_0.70_max_specificity,0.35,0.46716873093919214,0.25549344641480337,0.7602523659305994,0.3859300476947536,0.382456899660968,4855,7725,836,2651,0.1461824136253531,
sleep_only,advanced_spo2,XGBoost,config_3,max_f1,0.45,0.6014812970685256,0.30027397260273975,0.6286205907657012,0.5939586645468998,0.4064151293223324,7472,5108,1295,2192,0.22257925531260092,
sleep_only,advanced_spo2,XGBoost,config_3,max_youden,0.5,0.6666459202091243,0.32950191570881227,0.517923716661887,0.7078696343402225,0.4027653880463872,8905,3675,1681,1806,0.2257933510021095,
sleep_only,advanced_spo2,XGBoost,config_3,sensitivity_ge_0.70_max_specificity,0.4,0.5033298064355511,0.2652314766433274,0.7278462862059076,0.44109697933227343,0.38878676470588236,5549,7031,949,2538,0.16894326553818106,
sleep_only,advanced_spo2,XGBoost,config_4,max_f1,0.45,0.6025393664031866,0.3003168480506957,0.6251792371666188,0.5962639109697934,0.4057323655313605,7501,5079,1307,2180,0.2214431481364123,
sleep_only,advanced_spo2,XGBoost,config_4,max_youden,0.5,0.6667081595817514,0.33030523255813954,0.5213650702609693,0.7069952305246423,0.4044044044044044,8894,3686,1669,1818,0.22836030078561165,
sleep_only,advanced_spo2,XGBoost,config_4,sensitivity_ge_0.70_max_specificity,0.4,0.5094915043256364,0.26766074450084604,0.7258388299397763,0.4495230524642289,0.3910994359885652,5655,6925,956,2531,0.1753618824040053,
sleep_only,advanced_spo2,XGBoost,config_5,max_f1,0.4,0.5664405302794547,0.28171665202660306,0.6438199024949813,0.5449920508744038,0.3919343575418994,6856,5724,1242,2245,0.18881195336938505,
sleep_only,advanced_spo2,XGBoost,config_5,max_youden,0.5,0.6743013630422605,0.3270602218700475,0.4734728993404072,0.7299682034976153,0.38687756297598125,9183,3397,1836,1651,0.20344110283802253,
sleep_only,advanced_spo2,XGBoost,config_5,sensitivity_ge_0.70_max_specificity,0.35,0.5005290346673306,0.26433319484835893,0.729853742472039,0.43696343402225757,0.38810522302706824,5497,7083,942,2545,0.1668171764942965,
sleep_only,advanced_spo2,XGBoost,config_6,max_f1,0.45,0.6105060060994585,0.30181662137033327,0.6051046745053055,0.6120031796502384,0.40274861614811985,7699,4881,1377,2110,0.217107854155544,
sleep_only,advanced_spo2,XGBoost,config_6,max_youden,0.5,0.6698201282131077,0.33060007454342155,0.5087467737310009,0.7144674085850556,0.4007681012086298,8988,3592,1713,1774,0.2232141823160565,
sleep_only,advanced_spo2,XGBoost,config_6,sensitivity_ge_0.70_max_specificity,0.4,0.526358374307587,0.274477628268242,0.719529681674792,0.47281399046104927,0.3973709217611657,5948,6632,978,2509,0.19234367213584136,
