regime,feature_variant,experiment,model,threshold,accuracy,precision,sensitivity,specificity,f1,tn,fp,fn,tp,youden_index
all_epochs,base,effort_only,XGBoost,0.05,0.2002116096763334,0.2001731435167372,1.0,6.01286753652817e-05,0.3335737757473752,1,16630,0,4162,6.0128675365200834e-05
all_epochs,base,effort_only,XGBoost,0.1,0.20151012359928822,0.200346837516258,0.9992791926958193,0.0018639889363237328,0.33377472814092535,31,16600,3,4159,0.0011431816321429977
all_epochs,base,effort_only,XGBoost,0.15,0.20853171740489587,0.20077877829155513,0.9911100432484382,0.012687150502074439,0.3339134658194034,211,16420,37,4125,0.003797193750512573
all_epochs,base,effort_only,XGBoost,0.2,0.22089164622709564,0.2006068444090728,0.9690052859202306,0.03367205820455775,0.33239924173741037,560,16071,129,4033,0.0026773441247882612
all_epochs,base,effort_only,XGBoost,0.25,0.2464771798201318,0.2017625712804562,0.9351273426237385,0.07413865672539234,0.33191199044857583,1233,15398,270,3892,0.00926599934913086
all_epochs,base,effort_only,XGBoost,0.3,0.2881739046794594,0.20435725004168287,0.883469485824123,0.13919788347062714,0.3319341006544798,2315,14316,485,3677,0.022667369294750106
all_epochs,base,effort_only,XGBoost,0.35,0.3484345693262155,0.21052306933135947,0.820038443056223,0.2304130839997595,0.33503484833611463,3832,12799,749,3413,0.05045152705598244
all_epochs,base,effort_only,XGBoost,0.4,0.42653777713653634,0.220066358915176,0.733061028351754,0.34982863327520897,0.338511039609453,5818,10813,1111,3051,0.08288966162696298
all_epochs,base,effort_only,XGBoost,0.45,0.5121435098350406,0.23087997120748605,0.616530514175877,0.486020082977572,0.3359518198481278,8083,8548,1596,2566,0.10255059715344905
all_epochs,base,effort_only,XGBoost,0.5,0.596114076852787,0.2458603311735061,0.49231138875540603,0.6220912753292045,0.3279449423815621,10346,6285,2113,2049,0.11440266408461053
all_epochs,base,effort_only,XGBoost,0.55,0.6631077766556053,0.2577126299642066,0.36328688130706394,0.7381396187841982,0.3015255758300927,12276,4355,2650,1512,0.1014265000912622
all_epochs,base,effort_only,XGBoost,0.6,0.712932236810465,0.2640376077304779,0.24291206150888997,0.8305573928206361,0.25303466399699664,13813,2818,3151,1011,0.07346945432952601
all_epochs,base,effort_only,XGBoost,0.65,0.7468859712403213,0.2575957727873184,0.14055742431523305,0.8986230533341351,0.18187470853412094,14945,1686,3577,585,0.03918047764936805
all_epochs,base,effort_only,XGBoost,0.7,0.7683835906314626,0.24373040752351097,0.0747236905333974,0.9419758282725031,0.11438028687017286,15666,965,3851,311,0.016699518805900482
all_epochs,base,effort_only,XGBoost,0.75,0.7851680854133603,0.256,0.03844305622296973,0.972040165955144,0.06684771255483601,16166,465,4002,160,0.010483222178113705
all_epochs,base,effort_only,XGBoost,0.8,0.7953638243639687,0.2876712328767123,0.01513695338779433,0.990619926643016,0.02876055695046793,16475,156,4099,63,0.0057568800308103185
all_epochs,base,effort_only,XGBoost,0.85,0.7992593661328332,0.3333333333333333,0.0028832292167227293,0.9985569117912333,0.005717008099094807,16607,24,4150,12,0.0014401410079560861
all_epochs,base,effort_only,XGBoost,0.9,0.7998845765401817,1.0,0.0002402691013935608,1.0,0.00048042277203939464,16631,0,4161,1,0.0002402691013936309
all_epochs,base,effort_only,XGBoost,0.95,0.7998364834319242,0.0,0.0,1.0,0.0,16631,0,4162,0,0.0
all_epochs,base,flow_only,XGBoost,0.05,0.20001923724330303,0.20001924187030978,0.9990389235944258,6.01286753652817e-05,0.3333066132264529,1,16630,4,4158,-0.0009009477302088786
all_epochs,base,flow_only,XGBoost,0.1,0.2007887269754244,0.20005779233288384,0.9980778471888515,0.0012627021826709158,0.33330658749899705,21,16610,8,4154,-0.0006594506284776092
all_epochs,base,flow_only,XGBoost,0.15,0.23584860289520512,0.20459468990881152,0.9757328207592504,0.05068847333293248,0.33826163008621046,843,15788,101,4061,0.026421294092182857
all_epochs,base,flow_only,XGBoost,0.2,0.24854518347520801,0.20530618540799012,0.9593945218644883,0.070651193554206,0.3382321799161408,1175,15456,169,3993,0.030045715418694163
all_epochs,base,flow_only,XGBoost,0.25,0.272399365170971,0.20696841767755036,0.9305622296972609,0.10769045757921952,0.33862295081967214,1791,14840,289,3873,0.038252687276480346
all_epochs,base,flow_only,XGBoost,0.3,0.3111624104265859,0.21082588650463885,0.8899567515617491,0.1663159160603692,0.34089549491509824,2766,13865,458,3704,0.056272667622118355
all_epochs,base,flow_only,XGBoost,0.35,0.3679603712787958,0.21625379170879677,0.822200864968765,0.25428416811977633,0.3424397077954568,4229,12402,740,3422,0.07648503308854138
all_epochs,base,flow_only,XGBoost,0.4,0.45207521762131486,0.22711148011170654,0.7229697260932244,0.38428236425951534,0.34564355866980645,6391,10240,1153,3009,0.10725209035273986
all_epochs,base,flow_only,XGBoost,0.45,0.543404030202472,0.24251497005988024,0.6033157135992311,0.5284107991100956,0.3459630752273354,8788,7843,1651,2511,0.13172651270932656
all_epochs,base,flow_only,XGBoost,0.5,0.6265570143798393,0.26091572660915724,0.4723690533397405,0.6651434068907462,0.3361545695477473,11062,5569,2196,1966,0.1375124602304867
all_epochs,base,flow_only,XGBoost,0.55,0.6977348146010677,0.2830574289801758,0.3327727054300817,0.7890686068185918,0.3059083379348426,13123,3508,2777,1385,0.12184131224867345
all_epochs,base,flow_only,XGBoost,0.6,0.742028567306305,0.30499675535366644,0.22585295530994715,0.8712043773675666,0.25952512424075097,14489,2142,3222,940,0.09705733267751371
all_epochs,base,flow_only,XGBoost,0.65,0.768335497523205,0.3269941891178024,0.14872657376261414,0.9233960675846311,0.20445912469033856,15357,1274,3543,619,0.07212264134724533
all_epochs,base,flow_only,XGBoost,0.7,0.7834367335160871,0.35056967572305,0.09610764055742431,0.9554446515543262,0.15085800490288515,15890,741,3762,400,0.05155229211175061
all_epochs,base,flow_only,XGBoost,0.75,0.7903140479969221,0.35,0.05550216242191254,0.9742047982682942,0.09581086686022397,16202,429,3931,231,0.02970696069020673
all_epochs,base,flow_only,XGBoost,0.8,0.793921031116241,0.3072100313479624,0.023546371936568958,0.9867115627442727,0.04374023655434055,16410,221,4064,98,0.010257934680841796
all_epochs,base,flow_only,XGBoost,0.85,0.7975280142355601,0.19230769230769232,0.0036040365209034117,0.9962118934519872,0.007075471698113208,16568,63,4147,15,-0.00018407002710929543
all_epochs,base,flow_only,XGBoost,0.9,0.7993555523493483,0.2222222222222222,0.0009610764055742432,0.9991581985448861,0.0019138755980861245,16617,14,4158,4,0.00011927495046037961
all_epochs,base,flow_only,XGBoost,0.95,0.7998364834319242,0.0,0.0,1.0,0.0,16631,0,4162,0,0.0
all_epochs,base,full_core_fusion,XGBoost,0.05,0.20213533400663686,0.20047238021787334,0.9992791926958193,0.002645661716072395,0.3339489320700177,44,16587,3,4159,0.0019248544118917188
all_epochs,base,full_core_fusion,XGBoost,0.1,0.21516856634444284,0.20122880314573605,0.9836617011052379,0.022848896638807046,0.3341086220263598,380,16251,68,4094,0.006510597744044944
all_epochs,base,full_core_fusion,XGBoost,0.15,0.24262973115952485,0.20307534597642235,0.9519461797212878,0.06511935542060009,0.33474146671172694,1083,15548,200,3962,0.0170655351418878
all_epochs,base,full_core_fusion,XGBoost,0.2,0.28447073534362527,0.20686070686070687,0.9084574723690534,0.12831459322951116,0.3369875222816399,2134,14497,381,3781,0.03677206559856461
all_epochs,base,full_core_fusion,XGBoost,0.25,0.3332371471168182,0.212890625,0.8642479577126382,0.20034874631711863,0.3416278848893532,3332,13299,565,3597,0.06459670402975681
all_epochs,base,full_core_fusion,XGBoost,0.3,0.3886885009378156,0.2192815393708544,0.8022585295530995,0.28519030725753114,0.3444220950023209,4743,11888,823,3339,0.08744883681063076
all_epochs,base,full_core_fusion,XGBoost,0.35,0.4478430240946472,0.22511830541575903,0.7200864968765017,0.37971258493175397,0.3430042918454936,6315,10316,1165,2997,0.0997990818082557
all_epochs,base,full_core_fusion,XGBoost,0.4,0.5139229548405714,0.2336230845057801,0.626381547333013,0.48577956827611085,0.3403172116702565,8079,8552,1555,2607,0.11216111560912378
all_epochs,base,full_core_fusion,XGBoost,0.45,0.5882268070985428,0.2479954180985109,0.5201826045170591,0.6052552462269256,0.33586720446788704,10066,6565,1997,2165,0.12543785074398484
all_epochs,base,full_core_fusion,XGBoost,0.5,0.6592122348867407,0.27091820745847695,0.41542527630946663,0.7202212735253443,0.32795902883156297,11978,4653,2433,1729,0.13564654983481095
all_epochs,base,full_core_fusion,XGBoost,0.55,0.7179820131775116,0.3011682242990654,0.30970687169629985,0.8201551319824424,0.3053778725420516,13640,2991,2873,1289,0.12986200367874234
all_epochs,base,full_core_fusion,XGBoost,0.6,0.7607367864185063,0.3393915448439352,0.2063911580970687,0.899464854789249,0.25668608994471837,14959,1672,3303,859,0.10585601288631774
all_epochs,base,full_core_fusion,XGBoost,0.65,0.7834848266243447,0.3678071539657854,0.11364728495915426,0.951115386928026,0.1736417033773862,15818,813,3689,473,0.06476267188718032
all_epochs,base,full_core_fusion,XGBoost,0.7,0.7934881931419228,0.3695652173913043,0.04493032196059587,0.9808189525584752,0.08011996572407884,16312,319,3975,187,0.025749274519071053
all_epochs,base,full_core_fusion,XGBoost,0.75,0.7976242004520753,0.375,0.016578567996155695,0.9930852023329926,0.031753336401288544,16516,115,4093,69,0.009663770329148225
all_epochs,base,full_core_fusion,XGBoost,0.8,0.7986341557254846,0.24489795918367346,0.0028832292167227293,0.9977752390114846,0.00569935882213251,16594,37,4150,12,0.0006584682282073651
all_epochs,base,full_core_fusion,XGBoost,0.85,0.7996441109988939,0.3333333333333333,0.0009610764055742432,0.9995189705970777,0.0019166267369429804,16623,8,4158,4,0.0004800470026520287
all_epochs,base,full_core_fusion,XGBoost,0.9,0.7998364834319242,0.0,0.0,1.0,0.0,16631,0,4162,0,0.0
all_epochs,base,full_core_fusion,XGBoost,0.95,0.7998364834319242,0.0,0.0,1.0,0.0,16631,0,4162,0,0.0
all_epochs,base,late_fusion,XGBoost,0.05,0.2001635165680758,0.2001635165680758,1.0,0.0,0.3335604087357243,0,16631,0,4162,0.0
all_epochs,base,late_fusion,XGBoost,0.1,0.2001635165680758,0.2001635165680758,1.0,0.0,0.3335604087357243,0,16631,0,4162,0.0
all_epochs,base,late_fusion,XGBoost,0.15,0.20045207521762132,0.2001924464758239,0.9997597308986065,0.0004209007275569719,0.3335872048743336,7,16624,1,4161,0.00018063162616344108
all_epochs,base,late_fusion,XGBoost,0.2,0.20468426874428894,0.20034868516635188,0.993993272465161,0.007155312368468523,0.33348111724638263,119,16512,25,4137,0.0011485848336294513
all_epochs,base,late_fusion,XGBoost,0.25,0.22536430529505122,0.20290503904889817,0.9800576645843344,0.03649810594672599,0.3362044096435195,607,16024,83,4079,0.016555770531060388
all_epochs,base,late_fusion,XGBoost,0.3,0.2777377001875631,0.20864197530864198,0.9339259971167708,0.11352293908965186,0.3410845910845911,1888,14743,275,3887,0.047448936206422765
all_epochs,base,late_fusion,XGBoost,0.35,0.36435338815947677,0.2187364105112754,0.8459875060067276,0.24382177860621732,0.3475985981539069,4055,12576,641,3521,0.0898092846129448
all_epochs,base,late_fusion,XGBoost,0.4,0.46659933631510603,0.23224360460622923,0.7220086496876502,0.40268173892129155,0.3514414361733232,6697,9934,1157,3005,0.12469038860894166
all_epochs,base,late_fusion,XGBoost,0.45,0.5806761891021016,0.25555197940135177,0.5723209995194618,0.5827671216403103,0.3533338277831343,9692,6939,1780,2382,0.1550881211597721
all_epochs,base,late_fusion,XGBoost,0.5,0.682681671716443,0.28832116788321166,0.39860643921191735,0.7537730743791714,0.3346107301331182,12536,4095,2503,1659,0.1523795135910888
all_epochs,base,late_fusion,XGBoost,0.55,0.7549656134275958,0.33908244222145567,0.23618452666987025,0.8847934580001202,0.2784308171647075,14715,1916,3179,983,0.12097798466999055
all_epochs,base,late_fusion,XGBoost,0.6,0.7885346029913913,0.3951828724353256,0.10643921191734743,0.959232758102339,0.16770774181336362,15953,678,3719,443,0.06567197001968639
all_epochs,base,late_fusion,XGBoost,0.65,0.7973837349107873,0.4117647058823529,0.028592023065833735,0.9897781251879021,0.053471130083127386,16461,170,4043,119,0.01837014825373573
all_epochs,base,late_fusion,XGBoost,0.7,0.8005097869475304,0.6346153846153846,0.007928880345987505,0.9988575551680596,0.01566207878500237,16612,19,4129,33,0.006786435514047229
all_epochs,base,late_fusion,XGBoost,0.75,0.7998364834319242,0.5,0.0007208073041806823,0.9998196139739042,0.0014395393474088292,16628,3,4159,3,0.0005404212780848461
all_epochs,base,late_fusion,XGBoost,0.8,0.7998364834319242,0.0,0.0,1.0,0.0,16631,0,4162,0,0.0
all_epochs,base,late_fusion,XGBoost,0.85,0.7998364834319242,0.0,0.0,1.0,0.0,16631,0,4162,0,0.0
all_epochs,base,late_fusion,XGBoost,0.9,0.7998364834319242,0.0,0.0,1.0,0.0,16631,0,4162,0,0.0
all_epochs,base,late_fusion,XGBoost,0.95,0.7998364834319242,0.0,0.0,1.0,0.0,16631,0,4162,0,0.0
all_epochs,base,respiratory_spo2_fusion,XGBoost,0.05,0.20030779589284856,0.20016355589763324,0.9997597308986065,0.0002405147014611268,0.33354709418837675,4,16627,1,4161,2.4560006761653597e-07
all_epochs,base,respiratory_spo2_fusion,XGBoost,0.1,0.2106959072764873,0.20168517436197156,0.9949543488707352,0.014430882087667608,0.33538511379282415,240,16391,21,4141,0.009385230958402824
all_epochs,base,respiratory_spo2_fusion,XGBoost,0.15,0.2337325061318713,0.2043502285628171,0.9774147044690052,0.04762191088930311,0.3380281690140845,792,15839,94,4068,0.025036615358308367
all_epochs,base,respiratory_spo2_fusion,XGBoost,0.2,0.2605203674313471,0.20693079657118962,0.9512253724171071,0.08766760868258072,0.3399158581608998,1458,15173,203,3959,0.03889298109968786
all_epochs,base,respiratory_spo2_fusion,XGBoost,0.25,0.2965421055162795,0.20967652444099208,0.9079769341662662,0.14352714809692743,0.3406806400721208,2387,14244,383,3779,0.051504082263193585
all_epochs,base,respiratory_spo2_fusion,XGBoost,0.3,0.34915596595007936,0.21559939301972686,0.8534358481499279,0.22295712825446456,0.3442360808257014,3708,12923,610,3552,0.07639297640439247
all_epochs,base,respiratory_spo2_fusion,XGBoost,0.35,0.41235031020054824,0.22299388021728667,0.7791926958193176,0.32054596837231675,0.3467522052927025,5331,11300,919,3243,0.09973866419163446
all_epochs,base,respiratory_spo2_fusion,XGBoost,0.4,0.4827105275813976,0.23282009724473257,0.6902931283037002,0.4307618303168781,0.3482002181553751,7164,9467,1289,2873,0.12105495862057825
all_epochs,base,respiratory_spo2_fusion,XGBoost,0.45,0.5592747559274756,0.2509460266879108,0.6054781355117732,0.547712103902351,0.3548296254576176,9109,7522,1642,2520,0.15319023941412424
all_epochs,base,respiratory_spo2_fusion,XGBoost,0.5,0.629394507767037,0.26987012987012987,0.49927919269581933,0.6619565870963863,0.3503625021075704,11009,5622,2084,2078,0.1612357797922055
all_epochs,base,respiratory_spo2_fusion,XGBoost,0.55,0.6928293175587938,0.29761688193560126,0.39308024987986545,0.7678431844146474,0.3387514235428098,12770,3861,2526,1636,0.16092343429451272
all_epochs,base,respiratory_spo2_fusion,XGBoost,0.6,0.7371711633722887,0.32859773743751647,0.30009610764055744,0.8465516204678011,0.31370086650759765,14079,2552,2913,1249,0.14664772810835847
all_epochs,base,respiratory_spo2_fusion,XGBoost,0.65,0.770884432260857,0.3754139072847682,0.21792407496395963,0.9092658288737899,0.27576771055031923,15122,1509,3255,907,0.12718990383774953
all_epochs,base,respiratory_spo2_fusion,XGBoost,0.7,0.7858413889289665,0.39944713199723564,0.13887554060547813,0.9477481811075702,0.2060973435550009,15762,869,3584,578,0.08662372171304833
all_epochs,base,respiratory_spo2_fusion,XGBoost,0.75,0.7943057759823018,0.42363877822045154,0.0766458433445459,0.9739041548914678,0.12980671414038658,16197,434,3843,319,0.05054999823601358
all_epochs,base,respiratory_spo2_fusion,XGBoost,0.8,0.7980089453181359,0.4460227272727273,0.037722248918789045,0.9882749083037701,0.06956136464333186,16436,195,4005,157,0.02599715722255902
all_epochs,base,respiratory_spo2_fusion,XGBoost,0.85,0.7984417832924542,0.384,0.011532916866890917,0.9953700919968733,0.02239328201539538,16554,77,4114,48,0.006903008863764271
all_epochs,base,respiratory_spo2_fusion,XGBoost,0.9,0.799163179916318,0.15,0.0007208073041806823,0.9989778125187903,0.0014347202295552368,16614,17,4159,3,-0.0003013801770290758
all_epochs,base,respiratory_spo2_fusion,XGBoost,0.95,0.7998364834319242,0.0,0.0,1.0,0.0,16631,0,4162,0,0.0
all_epochs,base,spo2_only,XGBoost,0.05,0.20025970278459096,0.20018277139146745,1.0,0.0001202573507305634,0.33358714383040117,2,16629,0,4162,0.00012025735073062371
all_epochs,base,spo2_only,XGBoost,0.1,0.2005001683258789,0.20020207852193994,0.9997597308986065,0.0004810294029222536,0.3336005772468532,8,16623,1,4161,0.00024076030152864192
all_epochs,base,spo2_only,XGBoost,0.15,0.20280863752224307,0.20002899671370578,0.9944738106679482,0.0046900366784919725,0.3330651001850809,78,16553,23,4139,-0.0008361526535598518
all_epochs,base,spo2_only,XGBoost,0.2,0.21185014187466936,0.19999018453082057,0.9790965881787602,0.019842462870542962,0.3321379085500041,330,16301,87,4075,-0.0010609489506968606
all_epochs,base,spo2_only,XGBoost,0.25,0.23127975761073438,0.2016454673934989,0.9598750600672753,0.04894474174733931,0.33327771752732127,814,15817,167,3995,0.008819801814614614
all_epochs,base,spo2_only,XGBoost,0.3,0.2694656855672582,0.20361212642442486,0.9101393560788082,0.10913354578798629,0.33277694808047087,1815,14816,374,3788,0.019272901866794534
all_epochs,base,spo2_only,XGBoost,0.35,0.32693694993507433,0.20638996715437444,0.8303700144161461,0.20095003307077144,0.33060697374085235,3342,13289,706,3456,0.031320047486917524
all_epochs,base,spo2_only,XGBoost,0.4,0.41744817967585246,0.21409564904710535,0.7152811148486304,0.34291383560820154,0.3295511152930758,5703,10928,1185,2977,0.058194950456831984
all_epochs,base,spo2_only,XGBoost,0.45,0.5446544510171692,0.24036014875709533,0.5901009130225853,0.5332812218146834,0.3415855354659249,8869,7762,1706,2456,0.12338213483726879
all_epochs,base,spo2_only,XGBoost,0.5,0.6377146154955995,0.26926762491444217,0.47260932244113407,0.6790331309001263,0.34307142234237376,11293,5338,2195,1967,0.15164245334126036
all_epochs,base,spo2_only,XGBoost,0.55,0.7060549223296302,0.302150974025974,0.35776069197501204,0.7932174854187962,0.3276127612761276,13192,3439,2673,1489,0.15097817739380837
all_epochs,base,spo2_only,XGBoost,0.6,0.752609051122974,0.3483631871525633,0.2710235463719366,0.8731284949792556,0.30486486486486486,14521,2110,3034,1128,0.1441520413511923
all_epochs,base,spo2_only,XGBoost,0.65,0.7750204395710095,0.37702573879885604,0.19005285920230658,0.9214118212975768,0.25271565495207665,15324,1307,3371,791,0.11146468049988334
all_epochs,base,spo2_only,XGBoost,0.7,0.7881498581253307,0.39180765805877116,0.10571840461316674,0.9589321147255127,0.1665089877010407,15948,683,3722,440,0.06465051933867949
all_epochs,base,spo2_only,XGBoost,0.75,0.7947867070648776,0.39766081871345027,0.0490148966842864,0.981420239312128,0.08727272727272728,16322,309,3958,204,0.030435135996414342
all_epochs,base,spo2_only,XGBoost,0.8,0.7968547107199538,0.371900826446281,0.02162421912542047,0.9908604413444771,0.04087193460490463,16479,152,4072,90,0.012484660469897602
all_epochs,base,spo2_only,XGBoost,0.85,0.7986822488337422,0.39090909090909093,0.010331571359923113,0.9959713787505261,0.020131086142322098,16564,67,4119,43,0.006302950110449235
all_epochs,base,spo2_only,XGBoost,0.9,0.7994998316741211,0.36,0.002162421912542047,0.9990379411941555,0.0042990207786004295,16615,16,4153,9,0.0012003631066974663
all_epochs,base,spo2_only,XGBoost,0.95,0.7998364834319242,0.0,0.0,1.0,0.0,16631,0,4162,0,0.0
all_epochs,enhanced,effort_only,XGBoost,0.05,0.2012696580580003,0.20029859371989983,0.9992791926958193,0.0015633455594973242,0.3337077750140416,26,16605,3,4159,0.0008425382553165495
all_epochs,enhanced,effort_only,XGBoost,0.1,0.20530947915163758,0.20076491092176607,0.9963959634790965,0.007335698394564368,0.3341929244902893,122,16509,15,4147,0.0037316618736609186
all_epochs,enhanced,effort_only,XGBoost,0.15,0.21738084932429183,0.20088910842183255,0.9771744353676117,0.027238289940472612,0.3332650469127709,453,16178,95,4067,0.004412725308084342
all_epochs,enhanced,effort_only,XGBoost,0.2,0.2406098206127062,0.20233463035019456,0.9495434887073523,0.06319523780891106,0.33358656199881825,1051,15580,210,3952,0.012738726516263288
all_epochs,enhanced,effort_only,XGBoost,0.25,0.2780743519453662,0.20571800575055607,0.9111004324843825,0.11965606397691059,0.33564947997344546,1990,14641,370,3792,0.030756496461293192
all_epochs,enhanced,effort_only,XGBoost,0.3,0.3280430914249988,0.21089237298125663,0.8596828447861605,0.19499729420960857,0.33869746308216586,3243,13388,584,3578,0.05468013899576918
all_epochs,enhanced,effort_only,XGBoost,0.35,0.3909488770259222,0.21727853152434157,0.7849591542527631,0.29234561962599964,0.3403479529117616,4862,11769,895,3267,0.07730477387876267
all_epochs,enhanced,effort_only,XGBoost,0.4,0.47203385754821336,0.2312302839116719,0.7044690052859203,0.41386567253923395,0.34817717610735066,6883,9748,1230,2932,0.11833467782515417
all_epochs,enhanced,effort_only,XGBoost,0.45,0.5576395902467176,0.2512349338075479,0.611004324843825,0.5442847694065299,0.3560627275273033,9052,7579,1619,2543,0.15528909425035486
all_epochs,enhanced,effort_only,XGBoost,0.5,0.6247775693743086,0.2647971051951409,0.49231138875540603,0.6579279658469124,0.34436974789915964,10942,5689,2113,2049,0.1502393546023184
all_epochs,enhanced,effort_only,XGBoost,0.55,0.6845573029384889,0.2854841596563451,0.38322921672272947,0.7599663279417954,0.3272130474920505,12639,3992,2567,1595,0.143195544664525
all_epochs,enhanced,effort_only,XGBoost,0.6,0.726205934689559,0.2994498297091957,0.27462758289284,0.8392159220732367,0.28650206792831184,13957,2674,3019,1143,0.11384350496607665
all_epochs,enhanced,effort_only,XGBoost,0.65,0.7552060789688838,0.3079470198675497,0.17876021143680923,0.899464854789249,0.226208574034661,14959,1672,3418,744,0.07822506622605818
all_epochs,enhanced,effort_only,XGBoost,0.7,0.7717501082094936,0.29320113314447593,0.09947140797693417,0.9399915819854489,0.14854682454251883,15633,998,3748,414,0.039462989962383066
all_epochs,enhanced,effort_only,XGBoost,0.75,0.7860818544702544,0.2852852852852853,0.04565112926477655,0.9713787505261259,0.07870753935376967,16155,476,3972,190,0.017029879790902314
all_epochs,enhanced,effort_only,XGBoost,0.8,0.79473861395662,0.26548672566371684,0.014416146083613647,0.9900186398893632,0.027347310847766638,16465,166,4102,60,0.004434785972976973
all_epochs,enhanced,effort_only,XGBoost,0.85,0.799163179916318,0.3333333333333333,0.003363767419509851,0.9983163970897722,0.006660323501427212,16603,28,4148,14,0.0016801645092821005
all_epochs,enhanced,effort_only,XGBoost,0.9,0.7997883903236667,0.0,0.0,0.9999398713246347,0.0,16630,1,4162,0,-6.012867536531186e-05
all_epochs,enhanced,effort_only,XGBoost,0.95,0.7998364834319242,0.0,0.0,1.0,0.0,16631,0,4162,0,0.0
all_epochs,enhanced,flow_only,XGBoost,0.05,0.22988505747126436,0.20421304847002447,0.9829408938010572,0.041428657326679094,0.33816904319074187,689,15942,71,4091,0.0243695511277362
all_epochs,enhanced,flow_only,XGBoost,0.1,0.2362333477612658,0.2054787635084192,0.9822200864968765,0.04954602850099212,0.3398595003533275,824,15807,74,4088,0.031766114997868744
all_epochs,enhanced,flow_only,XGBoost,0.15,0.247150483335738,0.2069862315145334,0.9752522825564632,0.06493896939450423,0.3414941948510853,1080,15551,103,4059,0.04019125195096751
all_epochs,enhanced,flow_only,XGBoost,0.2,0.26783051988650025,0.2092314162548628,0.956271023546372,0.09554446515543262,0.34334023464458246,1589,15042,182,3980,0.051815488701804524
all_epochs,enhanced,flow_only,XGBoost,0.25,0.30390035107969027,0.21336446519902158,0.9221528111484864,0.14917924358126392,0.34654627539503385,2481,14150,324,3838,0.07133205472975024
all_epochs,enhanced,flow_only,XGBoost,0.3,0.35858221516856637,0.22137868205283937,0.875780874579529,0.22915038181708858,0.3534202743976342,3811,12820,517,3645,0.1049312563966176
all_epochs,enhanced,flow_only,XGBoost,0.35,0.41706343480979174,0.22815766104242094,0.802498798654493,0.32060609704768206,0.35530024998670284,5332,11299,822,3340,0.1231048957021752
all_epochs,enhanced,flow_only,XGBoost,0.4,0.4869908142163228,0.23772276429320216,0.7083133109082173,0.43160363177199207,0.3559741592706635,7178,9453,1214,2948,0.13991694268020938
all_epochs,enhanced,flow_only,XGBoost,0.45,0.5624008079642188,0.2519843263337687,0.6025949062950504,0.5523420119054777,0.35536663124335816,9186,7445,1654,2508,0.15493691820052824
all_epochs,enhanced,flow_only,XGBoost,0.5,0.6381474534699177,0.2727764260610976,0.4848630466122057,0.6765077265347844,0.34913494809688583,11251,5380,2144,2018,0.16137077314699022
all_epochs,enhanced,flow_only,XGBoost,0.55,0.7014860770451594,0.30279652844744454,0.3772224891878904,0.7826348385545067,0.33593666417032203,13016,3615,2592,1570,0.15985732774239714
all_epochs,enhanced,flow_only,XGBoost,0.6,0.7509257923339585,0.3497784342688331,0.284478616049976,0.867656785521015,0.31376705975884456,14430,2201,2978,1184,0.15213540157099104
all_epochs,enhanced,flow_only,XGBoost,0.65,0.7782426778242678,0.39405379896177445,0.20062469966362326,0.9227947808309783,0.2658812291036459,15347,1284,3327,835,0.12341948049460161
all_epochs,enhanced,flow_only,XGBoost,0.7,0.7910354446207858,0.4289044289044289,0.13262854396924556,0.955805423606518,0.20260598274912828,15896,735,3610,552,0.0884339675757635
all_epochs,enhanced,flow_only,XGBoost,0.75,0.7965661520704083,0.4544235924932976,0.08145122537241711,0.9755276291263304,0.13814180929095354,16224,407,3823,339,0.05697885449874751
all_epochs,enhanced,flow_only,XGBoost,0.8,0.7982494108594238,0.4507462686567164,0.036280634310427676,0.9889363237327882,0.06715588169891039,16447,184,4011,151,0.025216958043215776
all_epochs,enhanced,flow_only,XGBoost,0.85,0.7996922041071515,0.4782608695652174,0.007928880345987505,0.9978353676868499,0.015599149137319782,16595,36,4129,33,0.005764248032837482
all_epochs,enhanced,flow_only,XGBoost,0.9,0.7998364834319242,0.0,0.0,1.0,0.0,16631,0,4162,0,0.0
all_epochs,enhanced,flow_only,XGBoost,0.95,0.7998364834319242,0.0,0.0,1.0,0.0,16631,0,4162,0,0.0
all_epochs,enhanced,full_core_fusion,XGBoost,0.05,0.20074063386716684,0.20013480333156805,0.9987986544930322,0.001022187481209789,0.3334536557975374,17,16614,5,4157,-0.00017915802575807493
all_epochs,enhanced,full_core_fusion,XGBoost,0.1,0.204443803203001,0.20027116017819097,0.9937530033637674,0.006914797667007396,0.3333601998871605,115,16516,26,4136,0.000667801030774795
all_epochs,enhanced,full_core_fusion,XGBoost,0.15,0.22382532583080844,0.2009786787836421,0.9670831331090822,0.037820936804762194,0.33279589896233824,629,16002,137,4025,0.004904069913844511
all_epochs,enhanced,full_core_fusion,XGBoost,0.2,0.2674457750204396,0.2054911141853783,0.9279192695819317,0.10215861944561361,0.3364697682523088,1699,14932,300,3862,0.030077889027545268
all_epochs,enhanced,full_core_fusion,XGBoost,0.25,0.3308324917039388,0.21415171766912885,0.8777030273906775,0.19397510672839877,0.3442978322337418,3226,13405,509,3653,0.0716781341190762
all_epochs,enhanced,full_core_fusion,XGBoost,0.3,0.4014331746260761,0.22471088661438257,0.812349831811629,0.2985990018639889,0.3520408163265306,4966,11665,781,3381,0.11094883367561792
all_epochs,enhanced,full_core_fusion,XGBoost,0.35,0.46722454672245467,0.2364730986130163,0.7455550216242192,0.3975708015152426,0.35906040268456374,6612,10019,1059,3103,0.14312582313946187
all_epochs,enhanced,full_core_fusion,XGBoost,0.4,0.5341220603087578,0.25105884473281065,0.6693897164824604,0.5002705790391437,0.36516154400681566,8320,8311,1376,2786,0.169660295521604
all_epochs,enhanced,full_core_fusion,XGBoost,0.45,0.5985668253739239,0.27013072613424144,0.5908217203267659,0.6005050808730684,0.37075009423294386,9987,6644,1703,2459,0.19132680119983436
all_epochs,enhanced,full_core_fusion,XGBoost,0.5,0.6624825662482566,0.2951219512195122,0.4942335415665545,0.704587817930371,0.3695652173913043,11718,4913,2105,2057,0.19882135949692548
all_epochs,enhanced,full_core_fusion,XGBoost,0.55,0.7210599721059973,0.33189655172413796,0.3885151369533878,0.804281161686008,0.35798096081470004,13376,3255,2545,1617,0.19279629863939585
all_epochs,enhanced,full_core_fusion,XGBoost,0.6,0.7632376280479007,0.37585644371941274,0.276790004805382,0.8849738440262161,0.31880448318804483,14718,1913,3010,1152,0.16176384883159822
all_epochs,enhanced,full_core_fusion,XGBoost,0.65,0.7906506997547251,0.4439882697947214,0.18188370975492552,0.9429980157537129,0.25805351968638146,15683,948,3405,757,0.1248817255086383
all_epochs,enhanced,full_core_fusion,XGBoost,0.7,0.8002212282979849,0.504950495049505,0.0980297933685728,0.9759485298538874,0.1641851106639839,16231,400,3754,408,0.07397832322246023
all_epochs,enhanced,full_core_fusion,XGBoost,0.75,0.8018083008704853,0.568561872909699,0.04084574723690534,0.9922434008778787,0.07621609504595382,16502,129,3992,170,0.03308914811478392
all_epochs,enhanced,full_core_fusion,XGBoost,0.8,0.8002693214062425,0.5918367346938775,0.006967803940413263,0.9987974264926943,0.013773450486820233,16611,20,4133,29,0.005765230433107504
all_epochs,enhanced,full_core_fusion,XGBoost,0.85,0.7999326696484393,0.75,0.0007208073041806823,0.9999398713246347,0.0014402304368698992,16630,1,4159,3,0.0006606786288154698
all_epochs,enhanced,full_core_fusion,XGBoost,0.9,0.7998364834319242,0.0,0.0,1.0,0.0,16631,0,4162,0,0.0
all_epochs,enhanced,full_core_fusion,XGBoost,0.95,0.7998364834319242,0.0,0.0,1.0,0.0,16631,0,4162,0,0.0
all_epochs,enhanced,late_fusion,XGBoost,0.05,0.2001635165680758,0.2001635165680758,1.0,0.0,0.3335604087357243,0,16631,0,4162,0.0
all_epochs,enhanced,late_fusion,XGBoost,0.1,0.20025970278459096,0.20018277139146745,1.0,0.0001202573507305634,0.33358714383040117,2,16629,0,4162,0.00012025735073062371
all_epochs,enhanced,late_fusion,XGBoost,0.15,0.20045207521762132,0.20022129215374995,1.0,0.00036077205219169024,0.33364062687883284,6,16625,0,4162,0.0003607720521916491
all_epochs,enhanced,late_fusion,XGBoost,0.2,0.20617515510027412,0.2012295478749153,0.9987986544930322,0.007816727797486621,0.33497179693795326,130,16501,5,4157,0.006615382290518834
all_epochs,enhanced,late_fusion,XGBoost,0.25,0.24513057278891934,0.20708045509955303,0.9795771263815474,0.061331248872587334,0.3418867924528302,1020,15611,85,4077,0.0409083752541346
all_epochs,enhanced,late_fusion,XGBoost,0.3,0.31265329678257103,0.21596007178106774,0.9252763094666026,0.1593409897179965,0.3501864144766755,2650,13981,311,3851,0.08461729918459904
all_epochs,enhanced,late_fusion,XGBoost,0.35,0.4039821093637282,0.23274238586921228,0.8611244593945219,0.2895797005591967,0.36644343336230256,4816,11815,578,3584,0.15070415995371844
all_epochs,enhanced,late_fusion,XGBoost,0.4,0.5106045303707979,0.25445043279438184,0.7486785199423354,0.45102519391497803,0.3798147245246221,7501,9130,1046,3116,0.19970371385731345
all_epochs,enhanced,late_fusion,XGBoost,0.45,0.6158803443466552,0.28304027226318773,0.5994714079769342,0.6199867716914197,0.3845264699082993,10311,6320,1667,2495,0.2194581796683539
all_epochs,enhanced,late_fusion,XGBoost,0.5,0.7034098013754629,0.3230986412563967,0.4399327246516098,0.7693464012987794,0.37257096347542984,12795,3836,2331,1831,0.20927912595038922
all_epochs,enhanced,late_fusion,XGBoost,0.55,0.7736257394315394,0.4129671031619291,0.3106679481018741,0.8894834946786122,0.3545865898807075,14793,1838,2869,1293,0.20015144278048624
all_epochs,enhanced,late_fusion,XGBoost,0.6,0.8032030010099552,0.5248579545454546,0.17755886592984144,0.9597739161806266,0.26535008976660684,15962,669,3423,739,0.13733278211046795
all_epochs,enhanced,late_fusion,XGBoost,0.65,0.8048862597989708,0.6153846153846154,0.06727534839019703,0.9894774818110758,0.12129088152479965,16456,175,3882,280,0.05675283020127275
all_epochs,enhanced,late_fusion,XGBoost,0.7,0.8009426249218486,0.7346938775510204,0.008649687650168188,0.9992183272202514,0.017098076466397532,16618,13,4126,36,0.007868014870419549
all_epochs,enhanced,late_fusion,XGBoost,0.75,0.7997883903236667,0.0,0.0,0.9999398713246347,0.0,16630,1,4162,0,-6.012867536531186e-05
all_epochs,enhanced,late_fusion,XGBoost,0.8,0.7998364834319242,0.0,0.0,1.0,0.0,16631,0,4162,0,0.0
all_epochs,enhanced,late_fusion,XGBoost,0.85,0.7998364834319242,0.0,0.0,1.0,0.0,16631,0,4162,0,0.0
all_epochs,enhanced,late_fusion,XGBoost,0.9,0.7998364834319242,0.0,0.0,1.0,0.0,16631,0,4162,0,0.0
all_epochs,enhanced,late_fusion,XGBoost,0.95,0.7998364834319242,0.0,0.0,1.0,0.0,16631,0,4162,0,0.0
all_epochs,enhanced,respiratory_spo2_fusion,XGBoost,0.05,0.20271245130572788,0.20041501785541935,0.997837578087458,0.0037279778726474655,0.3337887799389166,62,16569,9,4153,0.0015655559601055469
all_epochs,enhanced,respiratory_spo2_fusion,XGBoost,0.1,0.21194632809118452,0.20059762907808368,0.9839019702066314,0.01876014671396789,0.333251953125,312,16319,67,4095,0.0026621169205993667
all_epochs,enhanced,respiratory_spo2_fusion,XGBoost,0.15,0.2330592026162651,0.2031037436388371,0.9685247477174436,0.049004870422704586,0.3357907451372402,815,15816,131,4031,0.017529618140148084
all_epochs,enhanced,respiratory_spo2_fusion,XGBoost,0.2,0.2720146203049103,0.20822034348912638,0.940893801057184,0.10462389513559016,0.34098132265227044,1740,14891,246,3916,0.045517696192774126
all_epochs,enhanced,respiratory_spo2_fusion,XGBoost,0.25,0.32342615303227046,0.21550832854681218,0.9014896684286401,0.1787625518609825,0.3478583348785463,2973,13658,410,3752,0.08025222028962253
all_epochs,enhanced,respiratory_spo2_fusion,XGBoost,0.3,0.38936180445342183,0.22684503616462906,0.8515136953387794,0.2737057302627623,0.3582512004043467,4552,12079,618,3544,0.12521942560154176
all_epochs,enhanced,respiratory_spo2_fusion,XGBoost,0.35,0.45909681142692255,0.24,0.7856799615569438,0.377367566592508,0.3676842637881599,6276,10355,892,3270,0.16304752814945167
all_epochs,enhanced,respiratory_spo2_fusion,XGBoost,0.4,0.5342663396335305,0.25903299005061964,0.7131186929360884,0.48950754614875835,0.3800256081946223,8141,8490,1194,2968,0.20262623908484678
all_epochs,enhanced,respiratory_spo2_fusion,XGBoost,0.45,0.6072235848602895,0.28493180109547844,0.6374339259971168,0.5996632794179544,0.39382468640985674,9973,6658,1509,2653,0.23709720541507107
all_epochs,enhanced,respiratory_spo2_fusion,XGBoost,0.5,0.6719088154667436,0.317156997525433,0.5543008169149447,0.7013408694606458,0.40346274921301156,11664,4967,1855,2307,0.25564168637559037
all_epochs,enhanced,respiratory_spo2_fusion,XGBoost,0.55,0.719569085750012,0.34835544248591677,0.460595867371456,0.7843785701400998,0.3966890843248836,13045,3586,2245,1917,0.2449744375115559
all_epochs,enhanced,respiratory_spo2_fusion,XGBoost,0.6,0.7604482277689607,0.3936087295401403,0.3640076886112446,0.8596596716974325,0.37822993384096865,14297,2334,2647,1515,0.22366736030867718
all_epochs,enhanced,respiratory_spo2_fusion,XGBoost,0.65,0.7830519886500265,0.4310549190043461,0.2621335896203748,0.9134147074739943,0.3260122516061557,15191,1440,3071,1091,0.17554829709436914
all_epochs,enhanced,respiratory_spo2_fusion,XGBoost,0.7,0.7994998316741211,0.49772579597141,0.18404613166746756,0.9535205339426372,0.2687247851254166,15858,773,3396,766,0.1375666656101049
all_epochs,enhanced,respiratory_spo2_fusion,XGBoost,0.75,0.8045977011494253,0.5578947368421052,0.11460836136472849,0.9772713607119236,0.1901534781742077,16253,378,3685,477,0.09187972207665207
all_epochs,enhanced,respiratory_spo2_fusion,XGBoost,0.8,0.8046457942576829,0.631578947368421,0.05766458433445459,0.9915819854488606,0.10568031704095113,16491,140,3922,240,0.0492465697833151
all_epochs,enhanced,respiratory_spo2_fusion,XGBoost,0.85,0.8003655076227577,0.5591397849462365,0.012493993272465162,0.9975347243100234,0.02444183313748531,16590,41,4110,52,0.010028717582488689
all_epochs,enhanced,respiratory_spo2_fusion,XGBoost,0.9,0.7998364834319242,0.0,0.0,1.0,0.0,16631,0,4162,0,0.0
all_epochs,enhanced,respiratory_spo2_fusion,XGBoost,0.95,0.7998364834319242,0.0,0.0,1.0,0.0,16631,0,4162,0,0.0
all_epochs,enhanced,spo2_only,XGBoost,0.05,0.20040398210936372,0.20021166057340772,1.0,0.0003006433768264085,0.33362725450901803,5,16626,0,4162,0.00030064337682644826
all_epochs,enhanced,spo2_only,XGBoost,0.1,0.20535757225989515,0.20033939393939393,0.9927919269581932,0.008297757200408875,0.33340057288094566,138,16493,30,4132,0.001089684158602111
all_epochs,enhanced,spo2_only,XGBoost,0.15,0.2175732217573222,0.20154809446334368,0.9822200864968765,0.026216102459262824,0.33446512579259563,436,16195,74,4088,0.00843618895613929
all_epochs,enhanced,spo2_only,XGBoost,0.2,0.2564805463377098,0.2067891622547493,0.9572320999519461,0.08111358306776502,0.34010585624039613,1349,15282,178,3984,0.038345683019711085
all_epochs,enhanced,spo2_only,XGBoost,0.25,0.311499062184389,0.21503143242029638,0.9204709274387314,0.15910047501653538,0.34862134862134864,2646,13985,331,3831,0.07957140245526673
all_epochs,enhanced,spo2_only,XGBoost,0.3,0.39032366661857354,0.2285969273921081,0.861604997597309,0.2723828994047261,0.3613280266008363,4530,12101,576,3586,0.13398789700203517
all_epochs,enhanced,spo2_only,XGBoost,0.35,0.4706872505170009,0.24409213281483697,0.7842383469485824,0.39221934940773256,0.3723052355423748,6523,10108,898,3264,0.17645769635631492
all_epochs,enhanced,spo2_only,XGBoost,0.4,0.5432597508776992,0.26151095216808223,0.7027871215761653,0.5033371414827731,0.38118198996546554,8371,8260,1237,2925,0.20612426305893838
all_epochs,enhanced,spo2_only,XGBoost,0.45,0.6180926273265042,0.28781583380123527,0.6158097068716963,0.6186639408333834,0.3922859110736971,10289,6342,1599,2563,0.23447364770507972
all_epochs,enhanced,spo2_only,XGBoost,0.5,0.6818159957678065,0.3198237885462555,0.5233061028351754,0.7214839757080151,0.3970105723660226,11999,4632,1984,2178,0.24479007854319068
all_epochs,enhanced,spo2_only,XGBoost,0.55,0.7278411003703169,0.3541220035080881,0.43656895723209993,0.8007335698394564,0.3910470246422038,13317,3314,2345,1817,0.2373025270715563
all_epochs,enhanced,spo2_only,XGBoost,0.6,0.7590054345212331,0.3887287024901704,0.35631907736665064,0.859779929048163,0.371818979566253,14299,2332,2679,1483,0.2160990064148136
all_epochs,enhanced,spo2_only,XGBoost,0.65,0.783917664598663,0.438997419830446,0.2861604997597309,0.9084841560940412,0.34647272727272727,15109,1522,2971,1191,0.194644655853772
all_epochs,enhanced,spo2_only,XGBoost,0.7,0.8004616938392728,0.5037463976945245,0.20999519461797214,0.9482292105104925,0.29642190944548075,15770,861,3288,874,0.1582244051284647
all_epochs,enhanced,spo2_only,XGBoost,0.75,0.8070985427788198,0.5736585365853658,0.14127823161941375,0.9737237688653719,0.22672064777327935,16194,437,3574,588,0.1150020004847856
all_epochs,enhanced,spo2_only,XGBoost,0.8,0.8080604049439716,0.6546112115732369,0.086977414704469,0.9885154230052312,0.1535524920466596,16440,191,3800,362,0.07549283770970017
all_epochs,enhanced,spo2_only,XGBoost,0.85,0.8036839320925312,0.6834862385321101,0.03580009610764056,0.9958511213997956,0.06803652968036529,16562,69,4013,149,0.03165121750743616
all_epochs,enhanced,spo2_only,XGBoost,0.9,0.7999326696484393,0.5714285714285714,0.0019221528111484864,0.9996392279478084,0.0038314176245210726,16625,6,4154,8,0.001561380758956732
all_epochs,enhanced,spo2_only,XGBoost,0.95,0.7998364834319242,0.0,0.0,1.0,0.0,16631,0,4162,0,0.0
sleep_only,base,effort_only,XGBoost,0.05,0.2170286923507811,0.2170286923507811,1.0,0.0,0.3566533701544441,0,12580,0,3487,0.0
sleep_only,base,effort_only,XGBoost,0.1,0.2178378041949337,0.2169576059850374,0.9979925437338687,0.001589825119236884,0.3564295590720541,20,12560,7,3480,-0.00041763114689441494
sleep_only,base,effort_only,XGBoost,0.15,0.22213232090620527,0.2169378651755984,0.9902494981359334,0.009220985691573928,0.3559059987631416,116,12464,34,3453,-0.0005295161724926389
sleep_only,base,effort_only,XGBoost,0.2,0.23750544594510486,0.218018018018018,0.9716088328075709,0.034022257551669315,0.35612550586009356,428,12152,99,3388,0.005631090359240254
sleep_only,base,effort_only,XGBoost,0.25,0.2660110786083276,0.22037436035550767,0.9386291941496989,0.07957074721780605,0.3569442172419434,1001,11579,214,3273,0.018199941367504913
sleep_only,base,effort_only,XGBoost,0.3,0.3117570174892637,0.22519056261343012,0.889589905362776,0.15158982511923688,0.359402155022593,1907,10673,385,3102,0.041179730482012955
sleep_only,base,effort_only,XGBoost,0.35,0.3716312939565569,0.23079429735234216,0.8124462288500144,0.24944356120826708,0.3594721482045426,3138,9442,654,2833,0.061889790058281546
sleep_only,base,effort_only,XGBoost,0.4,0.4428953756146138,0.23926321817140675,0.7189561227416117,0.3663751987281399,0.3590404582885786,4609,7971,980,2507,0.08533132146975153
sleep_only,base,effort_only,XGBoost,0.45,0.5154664840978402,0.2459210215180894,0.5965012905075997,0.4930047694753577,0.3482628714943491,6202,6378,1407,2080,0.08950605998295735
sleep_only,base,effort_only,XGBoost,0.5,0.5902782099956433,0.25827607745159276,0.4743332377401778,0.6224165341812401,0.3344454554645637,7830,4750,1833,1654,0.09674977192141787
sleep_only,base,effort_only,XGBoost,0.55,0.655442833136242,0.2737911238684036,0.35560653857183827,0.7385532591414944,0.3093812375249501,9291,3289,2247,1240,0.0941597977133326
sleep_only,base,effort_only,XGBoost,0.6,0.7006908570361611,0.27683997299122215,0.23515916260395756,0.8297297297297297,0.25430299271204837,10438,2142,2667,820,0.06488889233368722
sleep_only,base,effort_only,XGBoost,0.65,0.7341134001369266,0.27660785429709733,0.1393748207628334,0.898966613672496,0.1853546910755149,11309,1271,3001,486,0.03834143443532945
sleep_only,base,effort_only,XGBoost,0.7,0.7581377979709965,0.2688296639629201,0.06653283624892457,0.9498410174880764,0.10666666666666667,11949,631,3255,232,0.016373853737000843
sleep_only,base,effort_only,XGBoost,0.75,0.7736354017551503,0.2832369942196532,0.02810438772583883,0.9802861685214627,0.05113488129402557,12332,248,3389,98,0.00839055624730145
sleep_only,base,effort_only,XGBoost,0.8,0.7807306902346425,0.3125,0.008603383997705764,0.9947535771065182,0.01674574379012001,12514,66,3457,30,0.003356961104223899
sleep_only,base,effort_only,XGBoost,0.85,0.7829090682765918,0.4,0.0005735589331803843,0.9997615262321145,0.001145475372279496,12577,3,3485,2,0.0003350851652947906
sleep_only,base,effort_only,XGBoost,0.9,0.7829713076492189,0.0,0.0,1.0,0.0,12580,0,3487,0,0.0
sleep_only,base,effort_only,XGBoost,0.95,0.7829713076492189,0.0,0.0,1.0,0.0,12580,0,3487,0,0.0
sleep_only,base,flow_only,XGBoost,0.05,0.21715317109603535,0.21705571117335823,1.0,0.0001589825119236884,0.356689852700491,2,12578,0,3487,0.00015898251192369983
sleep_only,base,flow_only,XGBoost,0.1,0.24167548391112217,0.22015573717742454,0.9810725552050473,0.03672496025437202,0.35961316093766427,462,12118,66,3421,0.017797515459419433
sleep_only,base,flow_only,XGBoost,0.15,0.24428953756146138,0.22035541195476574,0.9779179810725552,0.040937996820349765,0.35966670182470206,515,12065,77,3410,0.01885597789290494
sleep_only,base,flow_only,XGBoost,0.2,0.25431007655442833,0.22110585763068033,0.9655864640091769,0.057154213036565975,0.3598183275447502,719,11861,120,3367,0.022740677045742785
sleep_only,base,flow_only,XGBoost,0.25,0.28169540051036285,0.2244045989597591,0.94034987094924,0.09912559618441971,0.36234046079893917,1247,11333,208,3279,0.03947546713365968
sleep_only,base,flow_only,XGBoost,0.3,0.33217153171096037,0.2307234738642278,0.8898766848293662,0.17758346581875994,0.3664383561643836,2234,10346,384,3103,0.06746015064812605
sleep_only,base,flow_only,XGBoost,0.35,0.40953507188647537,0.24115616911130286,0.801548609119587,0.3008744038155803,0.37076341447237515,3785,8795,692,2795,0.10242301293516731
sleep_only,base,flow_only,XGBoost,0.4,0.4964834754465675,0.2557053391359728,0.6908517350157729,0.44260731319554847,0.37325689494886893,5568,7012,1078,2409,0.13345904821132137
sleep_only,base,flow_only,XGBoost,0.45,0.5782037717059813,0.27133722546566585,0.559793518784055,0.5833068362480127,0.36550884748619045,7338,5242,1535,1952,0.14310035503206775
sleep_only,base,flow_only,XGBoost,0.5,0.6517084707786146,0.293841642228739,0.4310295382850588,0.7128775834658188,0.3494536154382702,8968,3612,1984,1503,0.1439071217508776
sleep_only,base,flow_only,XGBoost,0.55,0.7041140225306529,0.3138407287687335,0.3062804703183252,0.8143879173290938,0.3100145137880987,10245,2335,2419,1068,0.12066838764741905
sleep_only,base,flow_only,XGBoost,0.6,0.7397149436733678,0.3408153916628493,0.21336392314310296,0.8856120826709062,0.2624338624338624,11141,1439,2743,744,0.09897600581400923
sleep_only,base,flow_only,XGBoost,0.65,0.7599427397771831,0.3684210526315789,0.14855176369371953,0.9294117647058824,0.2117310443490701,11692,888,2969,518,0.07796352839960186
sleep_only,base,flow_only,XGBoost,0.7,0.7693408850438788,0.37846836847946724,0.09779179810725552,0.9554848966613673,0.1554238833181404,12020,560,3146,341,0.053276694768622734
sleep_only,base,flow_only,XGBoost,0.75,0.7747557104624385,0.37593984962406013,0.05735589331803843,0.9736089030206677,0.09952724558347847,12248,332,3287,200,0.03096479633870608
sleep_only,base,flow_only,XGBoost,0.8,0.776498412895998,0.30597014925373134,0.023515916260395755,0.985214626391097,0.04367509986684421,12394,186,3405,82,0.008730542651492756
sleep_only,base,flow_only,XGBoost,0.85,0.7801082965083712,0.21951219512195122,0.005162030398623459,0.9949125596184419,0.010086859064163631,12516,64,3469,18,7.459001706533464e-05
sleep_only,base,flow_only,XGBoost,0.9,0.7823489139229477,0.08333333333333333,0.00028677946659019213,0.9991255961844198,0.0005715918833952558,12569,11,3486,1,-0.0005876243489900679
sleep_only,base,flow_only,XGBoost,0.95,0.7829713076492189,0.0,0.0,1.0,0.0,12580,0,3487,0,0.0
sleep_only,base,full_core_fusion,XGBoost,0.05,0.21709093172340824,0.21704220092120005,1.0,7.94912559618442e-05,0.35667161049455326,1,12579,0,3487,7.949125596184992e-05
sleep_only,base,full_core_fusion,XGBoost,0.1,0.2256177257733242,0.217846115067112,0.9913966160022942,0.013354531001589825,0.35720190121926015,168,12412,30,3457,0.004751147003884126
sleep_only,base,full_core_fusion,XGBoost,0.15,0.2524428953756146,0.22081750294772698,0.9667335818755377,0.05445151033386327,0.35951581080360473,685,11895,116,3371,0.021185092209401013
sleep_only,base,full_core_fusion,XGBoost,0.2,0.29184041824858403,0.22468773986462912,0.9234298824204187,0.11677265500794913,0.3614322595128522,1469,11111,267,3220,0.04020253742836788
sleep_only,base,full_core_fusion,XGBoost,0.25,0.3441837306279953,0.23108025633201099,0.868655004301692,0.19880763116057235,0.3650497137692076,2501,10079,458,3029,0.06746263546226428
sleep_only,base,full_core_fusion,XGBoost,0.3,0.40654758200037344,0.2397590361445783,0.7989675939202753,0.29777424483306836,0.3688356391076984,3746,8834,701,2786,0.09674183875334363
sleep_only,base,full_core_fusion,XGBoost,0.35,0.4653015497603784,0.24596854469440574,0.7086320619443648,0.3978537360890302,0.3651814084090741,5005,7575,1016,2471,0.10648579803339508
sleep_only,base,full_core_fusion,XGBoost,0.4,0.5342005352586046,0.2560722568045893,0.6016633209062231,0.5155007949125596,0.35924657534246573,6485,6095,1389,2098,0.11716411581878283
sleep_only,base,full_core_fusion,XGBoost,0.45,0.6011078608327628,0.26904837179892505,0.48809865213650705,0.6324324324324324,0.346886782839091,7956,4624,1785,1702,0.12053108456893957
sleep_only,base,full_core_fusion,XGBoost,0.5,0.6585548017675982,0.28191141173903556,0.37051907083452823,0.7383942766295708,0.3201982651796778,9289,3291,2195,1292,0.10891334746409909
sleep_only,base,full_core_fusion,XGBoost,0.55,0.7081595817514159,0.29993342210386154,0.25838829939776314,0.8328298887122416,0.2776151594515483,10477,2103,2586,901,0.0912181881100047
sleep_only,base,full_core_fusion,XGBoost,0.6,0.7506068338831144,0.342041312272175,0.1614568396902782,0.9139109697933228,0.2193648938242743,11497,1083,2924,563,0.075367809483601
sleep_only,base,full_core_fusion,XGBoost,0.65,0.7705856724964212,0.3735705209656925,0.08431316317751648,0.9608108108108108,0.1375760411792232,12087,493,3193,294,0.04512397398832735
sleep_only,base,full_core_fusion,XGBoost,0.7,0.7769340885043878,0.35347432024169184,0.03355319759105248,0.9829888712241653,0.061288632792037716,12366,214,3370,117,0.016542068815217803
sleep_only,base,full_core_fusion,XGBoost,0.75,0.7796103815273542,0.29850746268656714,0.011471178663607686,0.9925278219395867,0.022093344380005524,12486,94,3447,40,0.003999000603194247
sleep_only,base,full_core_fusion,XGBoost,0.8,0.7818509989419307,0.21875,0.002007456266131345,0.9980127186009539,0.003978402955385053,12555,25,3480,7,2.017486708516536e-05
sleep_only,base,full_core_fusion,XGBoost,0.85,0.7826601107860833,0.0,0.0,0.9996025437201908,0.0,12575,5,3487,0,-0.0003974562798092496
sleep_only,base,full_core_fusion,XGBoost,0.9,0.7829713076492189,0.0,0.0,1.0,0.0,12580,0,3487,0,0.0
sleep_only,base,full_core_fusion,XGBoost,0.95,0.7829713076492189,0.0,0.0,1.0,0.0,12580,0,3487,0,0.0
sleep_only,base,late_fusion,XGBoost,0.05,0.2170286923507811,0.2170286923507811,1.0,0.0,0.3566533701544441,0,12580,0,3487,0.0
sleep_only,base,late_fusion,XGBoost,0.1,0.2170286923507811,0.2170286923507811,1.0,0.0,0.3566533701544441,0,12580,0,3487,0.0
sleep_only,base,late_fusion,XGBoost,0.15,0.21709093172340824,0.21704220092120005,1.0,7.94912559618442e-05,0.35667161049455326,1,12579,0,3487,7.949125596184992e-05
sleep_only,base,late_fusion,XGBoost,0.2,0.22051409721790005,0.21771724870369213,0.9994264410668197,0.004610492845786964,0.35754591156253207,58,12522,2,3485,0.004036933912606733
sleep_only,base,late_fusion,XGBoost,0.25,0.23514034978527418,0.21982429335370512,0.9902494981359334,0.025834658187599363,0.35978119301901534,325,12255,34,3453,0.016084156323532772
sleep_only,base,late_fusion,XGBoost,0.3,0.2742889151677351,0.22217689849751854,0.937195296816748,0.09054054054054055,0.359199824137173,1139,11441,219,3268,0.027735837357288462
sleep_only,base,late_fusion,XGBoost,0.35,0.3531462002863011,0.23145123658422773,0.8534556925724118,0.21446740858505564,0.3641480575099419,2698,9882,511,2976,0.06792310115746747
sleep_only,base,late_fusion,XGBoost,0.4,0.45397398394224187,0.24581650317368725,0.7330083166045311,0.3766295707472178,0.3681670867842996,4738,7842,931,2556,0.10963788735174895
sleep_only,base,late_fusion,XGBoost,0.45,0.570050413891828,0.26705706114667027,0.5623745339833668,0.5721780604133545,0.3621421975992613,7198,5382,1526,1961,0.1345525943967214
sleep_only,base,late_fusion,XGBoost,0.5,0.6754216717495488,0.3018348623853211,0.37740177803269287,0.7580286168521463,0.33541480820695807,9536,3044,2171,1316,0.1354303948848392
sleep_only,base,late_fusion,XGBoost,0.55,0.746872471525487,0.36709440879926675,0.2297103527387439,0.8902225755166931,0.28258952196154524,11199,1381,2686,801,0.11993292825543711
sleep_only,base,late_fusion,XGBoost,0.6,0.7735731623825232,0.41712403951701427,0.10897619730427302,0.9577901430842607,0.17280582082764892,12049,531,3107,380,0.06676634038853368
sleep_only,base,late_fusion,XGBoost,0.65,0.7811663658430323,0.44223107569721115,0.031832520791511325,0.9888712241653418,0.0593900481540931,12440,140,3376,111,0.02070374495685301
sleep_only,base,late_fusion,XGBoost,0.7,0.7824111532955748,0.3902439024390244,0.004588471465443074,0.9980127186009539,0.009070294784580499,12555,25,3471,16,0.002601190066396919
sleep_only,base,late_fusion,XGBoost,0.75,0.7829713076492189,0.5,0.00028677946659019213,0.9999205087440382,0.0005732301519059903,12579,1,3486,1,0.00020728821062832026
sleep_only,base,late_fusion,XGBoost,0.8,0.7829713076492189,0.0,0.0,1.0,0.0,12580,0,3487,0,0.0
sleep_only,base,late_fusion,XGBoost,0.85,0.7829713076492189,0.0,0.0,1.0,0.0,12580,0,3487,0,0.0
sleep_only,base,late_fusion,XGBoost,0.9,0.7829713076492189,0.0,0.0,1.0,0.0,12580,0,3487,0,0.0
sleep_only,base,late_fusion,XGBoost,0.95,0.7829713076492189,0.0,0.0,1.0,0.0,12580,0,3487,0,0.0
sleep_only,base,respiratory_spo2_fusion,XGBoost,0.05,0.21796228294018796,0.21709050112191475,0.9988528821336392,0.0015103338632750398,0.3566637652961958,19,12561,4,3483,0.00036321599691424566
sleep_only,base,respiratory_spo2_fusion,XGBoost,0.1,0.22729818883425654,0.21803941384537645,0.9899627186693433,0.01589825119236884,0.3573683938092034,200,12380,35,3452,0.005860969861712029
sleep_only,base,respiratory_spo2_fusion,XGBoost,0.15,0.2508246716873094,0.22077073807968647,0.9693145970748495,0.051669316375198726,0.35963185614725757,650,11930,107,3380,0.02098391345004824
sleep_only,base,respiratory_spo2_fusion,XGBoost,0.2,0.28026389493993903,0.22439090971132192,0.9429308861485518,0.0965818759936407,0.36251378169790516,1215,11365,199,3288,0.03951276214219246
sleep_only,base,respiratory_spo2_fusion,XGBoost,0.25,0.3226489076990104,0.22991527899503358,0.9027817608259249,0.16184419713831477,0.36649397520228183,2036,10544,339,3148,0.06462595796423964
sleep_only,base,respiratory_spo2_fusion,XGBoost,0.3,0.38009584863384577,0.2356880359330339,0.8276455405792945,0.25604133545310015,0.36689549961861173,3221,9359,601,2886,0.08368687603239477
sleep_only,base,respiratory_spo2_fusion,XGBoost,0.35,0.45260471774444516,0.24632001529344294,0.7390306854029252,0.3732114467408585,0.3694888522474729,4695,7885,910,2577,0.11224213214378365
sleep_only,base,respiratory_spo2_fusion,XGBoost,0.4,0.5269185286612311,0.25794304542245233,0.6286205907657012,0.4987281399046105,0.36579057154776806,6274,6306,1295,2192,0.12734873067031183
sleep_only,base,respiratory_spo2_fusion,XGBoost,0.45,0.5950706416879318,0.2738576779026217,0.5242328649268713,0.6147058823529412,0.35977169848455026,7733,4847,1659,1828,0.13893874727981248
sleep_only,base,respiratory_spo2_fusion,XGBoost,0.5,0.6548204394099707,0.2953687139733651,0.4261542873530255,0.7182034976152624,0.34890819441183374,9035,3545,2001,1486,0.144357784968288
sleep_only,base,respiratory_spo2_fusion,XGBoost,0.55,0.7018734051160764,0.3205728449462958,0.3338112991109837,0.8038950715421304,0.32705816240517,10113,2467,2323,1164,0.13770637065311409
sleep_only,base,respiratory_spo2_fusion,XGBoost,0.6,0.7375365656314185,0.35376602564102566,0.25322626899913964,0.8717806041335453,0.2951696473341133,10967,1613,2604,883,0.125006873132685
sleep_only,base,respiratory_spo2_fusion,XGBoost,0.65,0.7577643617352338,0.37629810629199756,0.17665615141955837,0.9188394276629571,0.24043715846994534,11559,1021,2871,616,0.09549557908251538
sleep_only,base,respiratory_spo2_fusion,XGBoost,0.7,0.7707723906143026,0.3993839835728953,0.11155721250358475,0.9534976152623211,0.17440035866397668,11995,585,3098,389,0.06505482776590599
sleep_only,base,respiratory_spo2_fusion,XGBoost,0.75,0.7763116947781167,0.40325497287522605,0.06395182104961285,0.9737678855325914,0.1103960396039604,12250,330,3264,223,0.03771970658220436
sleep_only,base,respiratory_spo2_fusion,XGBoost,0.8,0.7784278334474388,0.3701067615658363,0.029825064525379984,0.9859300476947536,0.055201698513800426,12403,177,3383,104,0.015755112220133594
sleep_only,base,respiratory_spo2_fusion,XGBoost,0.85,0.7806062114893881,0.32727272727272727,0.010324060797246917,0.9941176470588236,0.020016680567139282,12506,74,3451,36,0.004441707856070565
sleep_only,base,respiratory_spo2_fusion,XGBoost,0.9,0.782535632040829,0.3157894736842105,0.0017206767995411529,0.9989666136724961,0.0034227039361095267,12567,13,3481,6,0.0006872904720371942
sleep_only,base,respiratory_spo2_fusion,XGBoost,0.95,0.7829713076492189,0.0,0.0,1.0,0.0,12580,0,3487,0,0.0
sleep_only,base,spo2_only,XGBoost,0.05,0.2170286923507811,0.2170286923507811,1.0,0.0,0.3566533701544441,0,12580,0,3487,0.0
sleep_only,base,spo2_only,XGBoost,0.1,0.21709093172340824,0.2170069721115538,0.9997132205334098,0.0001589825119236884,0.35660580021482274,2,12578,1,3486,-0.00012779695466647034
sleep_only,base,spo2_only,XGBoost,0.15,0.2182734798033236,0.2170876208294356,0.9982793232004589,0.002066772655007949,0.35662329679336136,26,12554,6,3481,0.00034609585546685473
sleep_only,base,spo2_only,XGBoost,0.2,0.22287919337773074,0.2174213401997111,0.9928305133352452,0.00945945945945946,0.35672333848531684,119,12461,25,3462,0.0022899727947045534
sleep_only,base,spo2_only,XGBoost,0.25,0.23725648845459638,0.21825192802056556,0.9739030685402925,0.033068362480127185,0.35659158922664985,416,12164,91,3396,0.006971431020419638
sleep_only,base,spo2_only,XGBoost,0.3,0.2825667517271426,0.22125918735265568,0.9151132778893031,0.10723370429252782,0.3563571388687252,1349,11231,296,3191,0.022346982181830954
sleep_only,base,spo2_only,XGBoost,0.35,0.3575651957428269,0.22814414127754357,0.8224835101806711,0.22869634340222575,0.35720513139867976,2877,9703,619,2868,0.051179853582896895
sleep_only,base,spo2_only,XGBoost,0.4,0.4362980021161387,0.23496383707651314,0.7080585030111844,0.3609697933227345,0.35284030010718115,4541,8039,1018,2469,0.06902829633391905
sleep_only,base,spo2_only,XGBoost,0.45,0.5313375241177569,0.2516279641233567,0.5873243475767135,0.515818759936407,0.3523137794598314,6489,6091,1439,2048,0.10314310751312039
sleep_only,base,spo2_only,XGBoost,0.5,0.61480052281073,0.27713625866050806,0.4817895038715228,0.6516693163751988,0.3518693056864593,8198,4382,1807,1680,0.1334588202467215
sleep_only,base,spo2_only,XGBoost,0.55,0.6805875396776,0.3046782236998338,0.36793805563521653,0.7672496025437202,0.3333333333333333,9652,2928,2204,1283,0.13518765817893685
sleep_only,base,spo2_only,XGBoost,0.6,0.7257110848322649,0.3357142857142857,0.2695726985947806,0.8521462639109698,0.29902974391601717,10720,1860,2547,940,0.12171896250575043
sleep_only,base,spo2_only,XGBoost,0.65,0.7527852119250638,0.35990756787983824,0.1786636076856897,0.9119236883942766,0.23878880797240323,11472,1108,2864,623,0.0905872960799663
sleep_only,base,spo2_only,XGBoost,0.7,0.7700255181427771,0.38288288288288286,0.09750501864066533,0.9564387917329094,0.15542857142857142,12032,548,3147,340,0.05394381037357476
sleep_only,base,spo2_only,XGBoost,0.75,0.7793614240368457,0.42676767676767674,0.04846572985374247,0.9819554848966614,0.08704609837754314,12353,227,3318,169,0.030421214750403935
sleep_only,base,spo2_only,XGBoost,0.8,0.7804194933715068,0.39037433155080214,0.020934901061084026,0.9909379968203498,0.03973870440936309,12466,114,3414,73,0.011872897881433753
sleep_only,base,spo2_only,XGBoost,0.85,0.7817887595693035,0.35384615384615387,0.00659592773157442,0.9966613672496025,0.01295045045045045,12538,42,3464,23,0.0032572949811768837
sleep_only,base,spo2_only,XGBoost,0.9,0.7827223501587104,0.35714285714285715,0.0014338973329509608,0.9992845786963434,0.0028563267637817767,12571,9,3482,5,0.0007184760292942016
sleep_only,base,spo2_only,XGBoost,0.95,0.7829713076492189,0.0,0.0,1.0,0.0,12580,0,3487,0,0.0
sleep_only,enhanced,effort_only,XGBoost,0.05,0.2177755648223066,0.21701464630726083,0.998566102667049,0.0013513513513513514,0.3565431087446242,17,12563,5,3482,-8.254598159962434e-05
sleep_only,enhanced,effort_only,XGBoost,0.1,0.2219456027883239,0.2172521957340025,0.9931172928018354,0.008187599364069952,0.3565141298193236,103,12477,24,3463,0.001304892165905347
sleep_only,enhanced,effort_only,XGBoost,0.15,0.23072135432874838,0.21754631692875787,0.9799254373386865,0.023052464228934817,0.35604876523913725,290,12290,70,3417,0.002977901567621455
sleep_only,enhanced,effort_only,XGBoost,0.2,0.2484595755274787,0.21864762154370332,0.9569830800114711,0.05206677265500795,0.3559656515014134,655,11925,150,3337,0.009049852666479064
sleep_only,enhanced,effort_only,XGBoost,0.25,0.2875459015373125,0.22206703910614525,0.911958703756811,0.11446740858505565,0.3571629134609985,1440,11140,307,3180,0.026426112341866537
sleep_only,enhanced,effort_only,XGBoost,0.3,0.340511607642995,0.22617671982127724,0.8419845139088041,0.20151033386327505,0.3565703181928589,2535,10045,551,2936,0.043494847772079126
sleep_only,enhanced,effort_only,XGBoost,0.35,0.41320719487147567,0.2370075254537406,0.7677086320619444,0.3149443561208267,0.362197266946286,3962,8618,810,2677,0.08265298818277111
sleep_only,enhanced,effort_only,XGBoost,0.4,0.48696085143461754,0.249314779675311,0.6782334384858044,0.4339427662957075,0.36460340707623523,5459,7121,1122,2365,0.11217620478151202
sleep_only,enhanced,effort_only,XGBoost,0.45,0.5548640069708097,0.2624141060547128,0.580441640378549,0.5477742448330684,0.36142857142857143,6891,5689,1463,2024,0.1282158852116173
sleep_only,enhanced,effort_only,XGBoost,0.5,0.6181614489325947,0.27702930279555404,0.4717522225408661,0.6587440381558028,0.34907161803713527,8287,4293,1842,1645,0.13049626069666886
sleep_only,enhanced,effort_only,XGBoost,0.55,0.6734300118254808,0.2931358721203573,0.35761399483796963,0.7609697933227345,0.322180596822116,9573,3007,2240,1247,0.11858378816070414
sleep_only,enhanced,effort_only,XGBoost,0.6,0.7164374183108234,0.31039375665129476,0.2509320332664181,0.8454689984101749,0.27751347922613384,10636,1944,2612,875,0.09640103167659309
sleep_only,enhanced,effort_only,XGBoost,0.65,0.7461878384265886,0.3179297597042514,0.14797820476053913,0.9120031796502385,0.20195694716242663,11473,1107,2971,516,0.059981384410777494
sleep_only,enhanced,effort_only,XGBoost,0.7,0.766415634530404,0.327720207253886,0.07255520504731862,0.9587440381558029,0.11880723174454097,12061,519,3234,253,0.03129924320312161
sleep_only,enhanced,effort_only,XGBoost,0.75,0.7784278334474388,0.36727272727272725,0.028964726125609408,0.9861685214626391,0.05369484316852738,12406,174,3386,101,0.015133247588248633
sleep_only,enhanced,effort_only,XGBoost,0.8,0.7814153233335408,0.34177215189873417,0.007743045597935188,0.9958664546899841,0.01514301738642737,12528,52,3460,27,0.0036095002879192872
sleep_only,enhanced,effort_only,XGBoost,0.85,0.7828468289039646,0.375,0.0008603383997705764,0.9996025437201908,0.0017167381974248926,12575,5,3484,3,0.00046288211996126094
sleep_only,enhanced,effort_only,XGBoost,0.9,0.7829713076492189,0.0,0.0,1.0,0.0,12580,0,3487,0,0.0
sleep_only,enhanced,effort_only,XGBoost,0.95,0.7829713076492189,0.0,0.0,1.0,0.0,12580,0,3487,0,0.0
sleep_only,enhanced,flow_only,XGBoost,0.05,0.24099085081222382,0.22014397737498392,0.9822196730714081,0.03553259141494436,0.35967445523759517,447,12133,62,3425,0.017752264486352587
sleep_only,enhanced,flow_only,XGBoost,0.1,0.24391610132569863,0.22070299903257015,0.9813593346716375,0.03950715421303656,0.3603622577927548,497,12083,65,3422,0.020866488884674128
sleep_only,enhanced,flow_only,XGBoost,0.15,0.25356320408290284,0.2225339248434238,0.9782047605391454,0.052702702702702706,0.3625830454424661,663,11917,76,3411,0.03090746324184801
sleep_only,enhanced,flow_only,XGBoost,0.2,0.2711147071637518,0.22483940042826553,0.9635790077430456,0.07917329093799683,0.36460311431826814,996,11584,127,3360,0.04275229868104247
sleep_only,enhanced,flow_only,XGBoost,0.25,0.3065289101885853,0.22990614635523252,0.934327502150846,0.1325119236883943,0.3690112130479103,1667,10913,229,3258,0.06683942583924041
sleep_only,enhanced,flow_only,XGBoost,0.3,0.3625443455529968,0.2372208822842916,0.8743905936334958,0.2206677265500795,0.37319461444308444,2776,9804,438,3049,0.0950583201835753
sleep_only,enhanced,flow_only,XGBoost,0.35,0.42876703802825666,0.2473586078309509,0.7989675939202753,0.3261526232114467,0.3777627118644068,4103,8477,701,2786,0.12512021713172206
sleep_only,enhanced,flow_only,XGBoost,0.4,0.5049480301238564,0.2613527086227161,0.70146257527961,0.45047694753577106,0.38081893196325706,5667,6913,1041,2446,0.15193952281538103
sleep_only,enhanced,flow_only,XGBoost,0.45,0.5867305657558972,0.28198036232886187,0.5847433323774017,0.5872813990461049,0.3804814331031909,7388,5192,1448,2039,0.1720247314235066
sleep_only,enhanced,flow_only,XGBoost,0.5,0.6687620588784465,0.32027424094025464,0.46888442787496415,0.7241653418124007,0.38058659217877094,9110,3470,1852,1635,0.19304976968736476
sleep_only,enhanced,flow_only,XGBoost,0.55,0.7248397336154851,0.3627278071722516,0.3538858617722971,0.8276629570747218,0.3582522862534475,10412,2168,2253,1234,0.1815488188470189
sleep_only,enhanced,flow_only,XGBoost,0.6,0.7586979523246405,0.4082784571966134,0.24892457700028678,0.9,0.3092820238731516,11322,1258,2619,868,0.14892457700028672
sleep_only,enhanced,flow_only,XGBoost,0.65,0.7786767909379474,0.4721099434114794,0.1674792084886722,0.9480922098569158,0.2472480948348857,11927,653,2903,584,0.11557141834558804
sleep_only,enhanced,flow_only,XGBoost,0.7,0.7850874463185411,0.5254491017964071,0.10065959277315745,0.9748012718600954,0.16895306859205775,12263,317,3136,351,0.07546086463325286
sleep_only,enhanced,flow_only,XGBoost,0.75,0.7864567125163379,0.5795454545454546,0.0585030111843992,0.9882352941176471,0.10627767647824954,12432,148,3283,204,0.04673830530204626
sleep_only,enhanced,flow_only,XGBoost,0.8,0.785523121926931,0.6496350364963503,0.025523372526527102,0.9961844197138314,0.04911699779249448,12532,48,3398,89,0.02170779224035857
sleep_only,enhanced,flow_only,XGBoost,0.85,0.7836559407481173,0.7894736842105263,0.004301691998852882,0.9996820349761526,0.008556759840273816,12576,4,3472,15,0.003983726975005375
sleep_only,enhanced,flow_only,XGBoost,0.9,0.7829713076492189,0.0,0.0,1.0,0.0,12580,0,3487,0,0.0
sleep_only,enhanced,flow_only,XGBoost,0.95,0.7829713076492189,0.0,0.0,1.0,0.0,12580,0,3487,0,0.0
sleep_only,enhanced,full_core_fusion,XGBoost,0.05,0.2188336341569677,0.21742112482853224,1.0,0.002305246422893482,0.3571830985915493,29,12551,0,3487,0.0023052464228934255
sleep_only,enhanced,full_core_fusion,XGBoost,0.1,0.22630235887222258,0.21806833942756274,0.9919701749354746,0.014069952305246422,0.3575378572536048,177,12403,28,3459,0.006040127240720894
sleep_only,enhanced,full_core_fusion,XGBoost,0.15,0.25175826227671627,0.22021897331672458,0.9632922282764554,0.05453100158982512,0.3584845250800427,686,11894,128,3359,0.0178232298662806
sleep_only,enhanced,full_core_fusion,XGBoost,0.2,0.2971930042945167,0.22562047388033468,0.9202753082879266,0.12448330683624802,0.3623941276115189,1566,11014,278,3209,0.04475861512417456
sleep_only,enhanced,full_core_fusion,XGBoost,0.25,0.35482666334723345,0.2335992564479901,0.8649268712360195,0.21343402225755168,0.36784973777289914,2685,9895,471,3016,0.07836089349357112
sleep_only,enhanced,full_core_fusion,XGBoost,0.3,0.4204892014688492,0.243616833949639,0.7935187840550617,0.3170906200317965,0.3727854496463456,3989,8591,720,2767,0.11060940408685815
sleep_only,enhanced,full_core_fusion,XGBoost,0.35,0.49611003921080477,0.2607205897622261,0.7201032406079725,0.43402225755166934,0.3828327488946486,5460,7120,976,2511,0.15412549815964183
sleep_only,enhanced,full_core_fusion,XGBoost,0.4,0.5656936578079294,0.27874255292178984,0.6306280470318325,0.5476947535771065,0.3866033755274262,6890,5690,1288,2199,0.178322800608939
sleep_only,enhanced,full_core_fusion,XGBoost,0.45,0.6317918715379349,0.30471136838720053,0.5434470891884141,0.6562798092209857,0.3904801153925407,8256,4324,1592,1895,0.19972689840939983
sleep_only,enhanced,full_core_fusion,XGBoost,0.5,0.6867492375676854,0.33397766323024053,0.44594207054774876,0.7534976152623212,0.38192312415571655,9479,3101,1932,1555,0.19943968581007
sleep_only,enhanced,full_core_fusion,XGBoost,0.55,0.7314993464865874,0.3745068285280728,0.3538858617722971,0.8361685214626391,0.36390445296372753,10519,2061,2253,1234,0.19005438323493618
sleep_only,enhanced,full_core_fusion,XGBoost,0.6,0.7638638202526918,0.4268699380657456,0.2569544020648122,0.9043720190779014,0.3208020050125313,11377,1203,2591,896,0.16132642114271367
sleep_only,enhanced,full_core_fusion,XGBoost,0.65,0.7810418870977781,0.4870940882597835,0.1677659879552624,0.951033386327504,0.24957337883959044,11964,616,2902,585,0.11879937428276643
sleep_only,enhanced,full_core_fusion,XGBoost,0.7,0.7857098400448124,0.5359477124183006,0.09406366504158302,0.9774244833068363,0.16003903391070992,12296,284,3159,328,0.07148814834841932
sleep_only,enhanced,full_core_fusion,XGBoost,0.75,0.7860832762805751,0.5961538461538461,0.044450817321479784,0.9916534181240063,0.08273285294902588,12475,105,3332,155,0.03610423544548613
sleep_only,enhanced,full_core_fusion,XGBoost,0.8,0.784527291964897,0.654320987654321,0.015199311729280183,0.9977742448330683,0.029708520179372196,12552,28,3434,53,0.012973556562348554
sleep_only,enhanced,full_core_fusion,XGBoost,0.85,0.7834692226302359,0.7857142857142857,0.0031545741324921135,0.9997615262321145,0.006283918880319908,12577,3,3476,11,0.002916100364606544
sleep_only,enhanced,full_core_fusion,XGBoost,0.9,0.7829713076492189,0.0,0.0,1.0,0.0,12580,0,3487,0,0.0
sleep_only,enhanced,full_core_fusion,XGBoost,0.95,0.7829713076492189,0.0,0.0,1.0,0.0,12580,0,3487,0,0.0
sleep_only,enhanced,late_fusion,XGBoost,0.05,0.2170286923507811,0.2170286923507811,1.0,0.0,0.3566533701544441,0,12580,0,3487,0.0
sleep_only,enhanced,late_fusion,XGBoost,0.1,0.2170286923507811,0.2170286923507811,1.0,0.0,0.3566533701544441,0,12580,0,3487,0.0
sleep_only,enhanced,late_fusion,XGBoost,0.15,0.21721541046866247,0.2170692231075697,1.0,0.0002384737678855326,0.3567080967725436,3,12577,0,3487,0.00023847376788554975
sleep_only,enhanced,late_fusion,XGBoost,0.2,0.2219456027883239,0.21803053053053054,0.9994264410668197,0.00643879173290938,0.35796826048995944,81,12499,2,3485,0.005865232799729059
sleep_only,enhanced,late_fusion,XGBoost,0.25,0.2422978776373934,0.22133829473279015,0.9893891597361629,0.03521462639109698,0.36174897766593267,443,12137,37,3450,0.024603786127259886
sleep_only,enhanced,late_fusion,XGBoost,0.3,0.2968818074313811,0.23031767955801105,0.9564095210782908,0.11406995230524643,0.3712361551733734,1435,11145,152,3335,0.07047947338353722
sleep_only,enhanced,late_fusion,XGBoost,0.35,0.3796601730254559,0.24310180780209326,0.8792658445655291,0.2411764705882353,0.38089322318156404,3034,9546,421,3066,0.12044231515376436
sleep_only,enhanced,late_fusion,XGBoost,0.4,0.49747930540860147,0.265466816647919,0.7444794952681388,0.42901430842607313,0.3913764510779436,5397,7183,891,2596,0.17349380369421197
sleep_only,enhanced,late_fusion,XGBoost,0.45,0.6154229165370013,0.3035036496350365,0.5962145110410094,0.6207472178060414,0.40224436490277643,7809,4771,1408,2079,0.21696172884705067
sleep_only,enhanced,late_fusion,XGBoost,0.5,0.7120806622269248,0.3627380091588335,0.4316030972182392,0.7898251192368839,0.394185437401781,9936,2644,1982,1505,0.22142821645512312
sleep_only,enhanced,late_fusion,XGBoost,0.55,0.767909379473455,0.4423809523809524,0.2664181244622885,0.9069157392686804,0.3325577232862001,11409,1171,2558,929,0.17333386373096893
sleep_only,enhanced,late_fusion,XGBoost,0.6,0.787577021223626,0.5451219512195122,0.1281904215658159,0.9703497615262321,0.20756907360111446,12207,373,3040,447,0.09854018309204804
sleep_only,enhanced,late_fusion,XGBoost,0.65,0.7877637393415075,0.6463878326996197,0.04875250932033266,0.9926073131955485,0.09066666666666667,12487,93,3317,170,0.041359822515881106
sleep_only,enhanced,late_fusion,XGBoost,0.7,0.7831580257671003,0.5428571428571428,0.0054488098652136505,0.9987281399046105,0.010789324247586598,12564,16,3468,19,0.004176949769824079
sleep_only,enhanced,late_fusion,XGBoost,0.75,0.7829713076492189,0.5,0.00028677946659019213,0.9999205087440382,0.0005732301519059903,12579,1,3486,1,0.00020728821062832026
sleep_only,enhanced,late_fusion,XGBoost,0.8,0.7829713076492189,0.0,0.0,1.0,0.0,12580,0,3487,0,0.0
sleep_only,enhanced,late_fusion,XGBoost,0.85,0.7829713076492189,0.0,0.0,1.0,0.0,12580,0,3487,0,0.0
sleep_only,enhanced,late_fusion,XGBoost,0.9,0.7829713076492189,0.0,0.0,1.0,0.0,12580,0,3487,0,0.0
sleep_only,enhanced,late_fusion,XGBoost,0.95,0.7829713076492189,0.0,0.0,1.0,0.0,12580,0,3487,0,0.0
sleep_only,enhanced,respiratory_spo2_fusion,XGBoost,0.05,0.21945602788323892,0.21741573033707864,0.9988528821336392,0.0034181240063593005,0.357102578561542,43,12537,4,3483,0.0022710061399984216
sleep_only,enhanced,respiratory_spo2_fusion,XGBoost,0.1,0.23271301425281632,0.2188155969722028,0.986521365070261,0.023767885532591414,0.3581840899625156,299,12281,47,3440,0.010289250602852462
sleep_only,enhanced,respiratory_spo2_fusion,XGBoost,0.15,0.2562394971058692,0.22093253313987998,0.9607112130771437,0.0609697933227345,0.35924932975871315,767,11813,137,3350,0.021681006399878244
sleep_only,enhanced,respiratory_spo2_fusion,XGBoost,0.2,0.2922760938569739,0.2257166713053159,0.9303125896185833,0.11542130365659778,0.363290217817347,1452,11128,243,3244,0.04573389327518118
sleep_only,enhanced,respiratory_spo2_fusion,XGBoost,0.25,0.3433746187838427,0.23288707359503819,0.8829939776312016,0.19379968203497616,0.3685659564280584,2438,10142,408,3079,0.0767936596661778
sleep_only,enhanced,respiratory_spo2_fusion,XGBoost,0.3,0.4140163067156283,0.24522949974213512,0.8181818181818182,0.3019872813990461,0.3773559949738774,3799,8781,634,2853,0.12016909958086441
sleep_only,enhanced,respiratory_spo2_fusion,XGBoost,0.35,0.4913176075185162,0.2630461165048544,0.7459133926010898,0.42074721780604135,0.38893457943925236,5293,7287,886,2601,0.1666606104071311
sleep_only,enhanced,respiratory_spo2_fusion,XGBoost,0.4,0.5603410717619967,0.28239445187979073,0.6656151419558359,0.531160572337043,0.39654877840423713,6682,5898,1166,2321,0.19677571429287877
sleep_only,enhanced,respiratory_spo2_fusion,XGBoost,0.45,0.6240741893321715,0.3059145507070093,0.5770002867794666,0.6371224165341812,0.3998410174880763,8015,4565,1475,2012,0.2141227033136479
sleep_only,enhanced,respiratory_spo2_fusion,XGBoost,0.5,0.6772888529283625,0.3334641035700275,0.48752509320332665,0.7298887122416534,0.39603960396039606,9182,3398,1787,1700,0.21741380544498012
sleep_only,enhanced,respiratory_spo2_fusion,XGBoost,0.55,0.7247152548702309,0.37446351931330474,0.4003441353599082,0.8146263910969793,0.38697158697158696,10248,2332,2091,1396,0.21497052645688752
sleep_only,enhanced,respiratory_spo2_fusion,XGBoost,0.6,0.7536565631418435,0.41008018327605955,0.30800114711786636,0.8771860095389508,0.35178512938093676,11035,1545,2413,1074,0.18518715665681706
sleep_only,enhanced,respiratory_spo2_fusion,XGBoost,0.65,0.7734486836372689,0.45492044784914554,0.22139374820762833,0.9264705882352942,0.2978395061728395,11655,925,2715,772,0.1478643364429224
sleep_only,enhanced,respiratory_spo2_fusion,XGBoost,0.7,0.7839048982386257,0.5072324011571842,0.15084599942644106,0.9593799682034976,0.23253757736516356,12069,511,2961,526,0.11022596762993864
sleep_only,enhanced,respiratory_spo2_fusion,XGBoost,0.75,0.7852741644364225,0.5339449541284403,0.08345282477774592,0.9798092209856916,0.14434523809523808,12326,254,3196,291,0.06326204576343741
sleep_only,enhanced,respiratory_spo2_fusion,XGBoost,0.8,0.7860832762805751,0.6033057851239669,0.04186980212216805,0.992368839427663,0.0783051756503084,12484,96,3341,146,0.03423864154983103
sleep_only,enhanced,respiratory_spo2_fusion,XGBoost,0.85,0.78402937698388,0.6491228070175439,0.01061084026383711,0.9984101748807631,0.0208803611738149,12560,20,3450,37,0.009021015144600186
sleep_only,enhanced,respiratory_spo2_fusion,XGBoost,0.9,0.783033547021846,0.6666666666666666,0.0005735589331803843,0.9999205087440382,0.001146131805157593,12579,1,3485,2,0.0004940676772184904
sleep_only,enhanced,respiratory_spo2_fusion,XGBoost,0.95,0.7829713076492189,0.0,0.0,1.0,0.0,12580,0,3487,0,0.0
sleep_only,enhanced,spo2_only,XGBoost,0.05,0.2170286923507811,0.2170286923507811,1.0,0.0,0.3566533701544441,0,12580,0,3487,0.0
sleep_only,enhanced,spo2_only,XGBoost,0.1,0.21765108607705233,0.21691703546718194,0.9979925437338687,0.0013513513513513514,0.3563748079877112,17,12563,7,3480,-0.0006561049147799647
sleep_only,enhanced,spo2_only,XGBoost,0.15,0.22754714632476505,0.2177021384284449,0.9868081445368512,0.017090620031796504,0.35670968745140724,215,12365,46,3441,0.0038987645686476835
sleep_only,enhanced,spo2_only,XGBoost,0.2,0.2637704611937512,0.22267287234042554,0.9604244336105535,0.0706677265500795,0.36152642089922815,889,11691,138,3349,0.031092160160633098
sleep_only,enhanced,spo2_only,XGBoost,0.25,0.3354702184601979,0.23562288571848802,0.9188414109549756,0.17376788553259143,0.37506584723441616,2186,10394,283,3204,0.0926092964875671
sleep_only,enhanced,spo2_only,XGBoost,0.3,0.4135183917346113,0.25150703281982584,0.8614855176369371,0.2893481717011129,0.3893461214438468,3640,8940,483,3004,0.15083368933804997
sleep_only,enhanced,spo2_only,XGBoost,0.35,0.5037032426713138,0.27322349135752555,0.7751648981932894,0.42845786963434024,0.4040358744394619,5390,7190,784,2703,0.20362276782762967
sleep_only,enhanced,spo2_only,XGBoost,0.4,0.5872284807369141,0.3031175660448228,0.6942930886148552,0.5575516693163752,0.42199755970019176,7014,5566,1066,2421,0.2518447579312304
sleep_only,enhanced,spo2_only,XGBoost,0.45,0.645360054770648,0.33067851125746667,0.6191568683682248,0.6526232114467408,0.4311102236421725,8210,4370,1328,2159,0.27178007981496566
sleep_only,enhanced,spo2_only,XGBoost,0.5,0.6852554926246344,0.3504761904761905,0.5276742185259535,0.7289348171701113,0.42119720727938653,9170,3410,1647,1840,0.25660903569606486
sleep_only,enhanced,spo2_only,XGBoost,0.55,0.720234020041078,0.37628865979381443,0.43963292228276457,0.7980127186009539,0.40550191773574923,10039,2541,1954,1533,0.23764564088371842
sleep_only,enhanced,spo2_only,XGBoost,0.6,0.7502956370199788,0.4090751645306547,0.3386865500430169,0.8643879173290938,0.37056793222466267,10874,1706,2306,1181,0.20307446737211077
sleep_only,enhanced,spo2_only,XGBoost,0.65,0.7694031244165059,0.44398766700924974,0.24777745913392601,0.9139904610492846,0.3180563224737714,11498,1082,2623,864,0.16176792018321073
sleep_only,enhanced,spo2_only,XGBoost,0.7,0.7834069832576087,0.503030303030303,0.16661887008890164,0.9543720190779015,0.25032313657906075,12006,574,2906,581,0.12099088916680323
sleep_only,enhanced,spo2_only,XGBoost,0.75,0.7908134686002365,0.5984375,0.10983653570404359,0.979570747217806,0.18560697843469834,12323,257,3104,383,0.08940728292184952
sleep_only,enhanced,spo2_only,XGBoost,0.8,0.7933652828779486,0.7325905292479109,0.07542299971322053,0.992368839427663,0.13676547061882474,12484,96,3224,263,0.0677918391408836
sleep_only,enhanced,spo2_only,XGBoost,0.85,0.7898176386382025,0.7546296296296297,0.04674505305420132,0.9957869634340223,0.08803672697812584,12527,53,3324,163,0.04253201648822369
sleep_only,enhanced,spo2_only,XGBoost,0.9,0.7842783344743885,0.723404255319149,0.009750501864066534,0.9989666136724961,0.019241652518392757,12567,13,3453,34,0.008717115536562625
sleep_only,enhanced,spo2_only,XGBoost,0.95,0.7829713076492189,0.0,0.0,1.0,0.0,12580,0,3487,0,0.0
