experiment,model,threshold,accuracy,precision,sensitivity,specificity,f1,tn,fp,fn,tp
ecg_only,XGBoost,0.05,0.21940075987111046,0.20216178865801293,0.984142239308025,0.028019962720221274,0.3354215288867052,466,16165,66,4096
ecg_only,XGBoost,0.1,0.22882700908959747,0.20130817610062893,0.9613166746756368,0.045517407251518247,0.3329034405291842,757,15874,161,4001
ecg_only,XGBoost,0.15,0.2625402779781657,0.20572120956695816,0.9382508409418548,0.09343996151764776,0.33745247148288976,1554,15077,257,3905
ecg_only,XGBoost,0.2,0.3074592410907517,0.2123834138667266,0.9082172032676598,0.15711622872948108,0.3442622950819672,2613,14018,382,3780
ecg_only,XGBoost,0.25,0.34920405905833696,0.2159917555771096,0.8560788082652571,0.22235584150081172,0.34495110852938327,3698,12933,599,3563
ecg_only,XGBoost,0.3,0.395854374068196,0.21962616822429906,0.790485343584815,0.2970957849798569,0.3437467349284296,4941,11690,872,3290
ecg_only,XGBoost,0.35,0.4584716010195739,0.2226910454758556,0.6847669389716482,0.40183993746617763,0.33608490566037735,6683,9948,1312,2850
ecg_only,XGBoost,0.4,0.5170970999855721,0.21683845486947306,0.5408457472369054,0.5111538692802597,0.30956473904971465,8501,8130,1911,2251
ecg_only,XGBoost,0.45,0.5662482566248257,0.20220723482526057,0.39620374819798176,0.6088028380734772,0.2677600064950881,10125,6506,2513,1649
ecg_only,XGBoost,0.5,0.6210263069302169,0.19170812603648424,0.27775108121095626,0.706932836269617,0.22684458398744112,11757,4874,3006,1156
ecg_only,XGBoost,0.55,0.6719088154667436,0.18676401318888367,0.1905333974050937,0.7923756839636823,0.18862987630827782,13178,3453,3369,793
ecg_only,XGBoost,0.6,0.7200981099408454,0.18693353474320243,0.1189332051898126,0.8705429619385485,0.14537444933920704,14478,2153,3667,495
ecg_only,XGBoost,0.65,0.7551098927523686,0.17797783933518005,0.061749159058145126,0.9286272623414106,0.09168747770246165,15444,1187,3905,257
ecg_only,XGBoost,0.7,0.7790602606646467,0.16355140186915887,0.02522825564632388,0.9677109013288437,0.043713572023313906,16094,537,4057,105
ecg_only,XGBoost,0.75,0.7937767517914683,0.205607476635514,0.010571840461316675,0.9897781251879021,0.02010968921389397,16461,170,4118,44
ecg_only,XGBoost,0.8,0.798345597075939,0.30864197530864196,0.006006727534839019,0.9966327941795442,0.011784115012962526,16575,56,4137,25
ecg_only,XGBoost,0.85,0.7999326696484393,0.53125,0.004084574723690533,0.9990980698695208,0.008106819265617548,16616,15,4145,17
ecg_only,XGBoost,0.9,0.7997883903236667,0.0,0.0,0.9999398713246347,0.0,16630,1,4162,0
ecg_only,XGBoost,0.95,0.7998364834319242,0.0,0.0,1.0,0.0,16631,0,4162,0
effort_only,XGBoost,0.05,0.2002116096763334,0.2001731435167372,1.0,6.01286753652817e-05,0.3335737757473752,1,16630,0,4162
effort_only,XGBoost,0.1,0.20151012359928822,0.200346837516258,0.9992791926958193,0.0018639889363237328,0.33377472814092535,31,16600,3,4159
effort_only,XGBoost,0.15,0.20853171740489587,0.20077877829155513,0.9911100432484382,0.012687150502074439,0.3339134658194034,211,16420,37,4125
effort_only,XGBoost,0.2,0.22089164622709564,0.2006068444090728,0.9690052859202306,0.03367205820455775,0.33239924173741037,560,16071,129,4033
effort_only,XGBoost,0.25,0.2464771798201318,0.2017625712804562,0.9351273426237385,0.07413865672539234,0.33191199044857583,1233,15398,270,3892
effort_only,XGBoost,0.3,0.2881739046794594,0.20435725004168287,0.883469485824123,0.13919788347062714,0.3319341006544798,2315,14316,485,3677
effort_only,XGBoost,0.35,0.3484345693262155,0.21052306933135947,0.820038443056223,0.2304130839997595,0.33503484833611463,3832,12799,749,3413
effort_only,XGBoost,0.4,0.42653777713653634,0.220066358915176,0.733061028351754,0.34982863327520897,0.338511039609453,5818,10813,1111,3051
effort_only,XGBoost,0.45,0.5121435098350406,0.23087997120748605,0.616530514175877,0.486020082977572,0.3359518198481278,8083,8548,1596,2566
effort_only,XGBoost,0.5,0.596114076852787,0.2458603311735061,0.49231138875540603,0.6220912753292045,0.3279449423815621,10346,6285,2113,2049
effort_only,XGBoost,0.55,0.6631077766556053,0.2577126299642066,0.36328688130706394,0.7381396187841982,0.3015255758300927,12276,4355,2650,1512
effort_only,XGBoost,0.6,0.712932236810465,0.2640376077304779,0.24291206150888997,0.8305573928206361,0.25303466399699664,13813,2818,3151,1011
effort_only,XGBoost,0.65,0.7468859712403213,0.2575957727873184,0.14055742431523305,0.8986230533341351,0.18187470853412094,14945,1686,3577,585
effort_only,XGBoost,0.7,0.7683835906314626,0.24373040752351097,0.0747236905333974,0.9419758282725031,0.11438028687017286,15666,965,3851,311
effort_only,XGBoost,0.75,0.7851680854133603,0.256,0.03844305622296973,0.972040165955144,0.06684771255483601,16166,465,4002,160
effort_only,XGBoost,0.8,0.7953638243639687,0.2876712328767123,0.01513695338779433,0.990619926643016,0.02876055695046793,16475,156,4099,63
effort_only,XGBoost,0.85,0.7992593661328332,0.3333333333333333,0.0028832292167227293,0.9985569117912333,0.005717008099094807,16607,24,4150,12
effort_only,XGBoost,0.9,0.7998845765401817,1.0,0.0002402691013935608,1.0,0.00048042277203939464,16631,0,4161,1
effort_only,XGBoost,0.95,0.7998364834319242,0.0,0.0,1.0,0.0,16631,0,4162,0
flow_only,XGBoost,0.05,0.20001923724330303,0.20001924187030978,0.9990389235944258,6.01286753652817e-05,0.3333066132264529,1,16630,4,4158
flow_only,XGBoost,0.1,0.2007887269754244,0.20005779233288384,0.9980778471888515,0.0012627021826709158,0.33330658749899705,21,16610,8,4154
flow_only,XGBoost,0.15,0.23584860289520512,0.20459468990881152,0.9757328207592504,0.05068847333293248,0.33826163008621046,843,15788,101,4061
flow_only,XGBoost,0.2,0.24854518347520801,0.20530618540799012,0.9593945218644883,0.070651193554206,0.3382321799161408,1175,15456,169,3993
flow_only,XGBoost,0.25,0.272399365170971,0.20696841767755036,0.9305622296972609,0.10769045757921952,0.33862295081967214,1791,14840,289,3873
flow_only,XGBoost,0.3,0.3111624104265859,0.21082588650463885,0.8899567515617491,0.1663159160603692,0.34089549491509824,2766,13865,458,3704
flow_only,XGBoost,0.35,0.3679603712787958,0.21625379170879677,0.822200864968765,0.25428416811977633,0.3424397077954568,4229,12402,740,3422
flow_only,XGBoost,0.4,0.45207521762131486,0.22711148011170654,0.7229697260932244,0.38428236425951534,0.34564355866980645,6391,10240,1153,3009
flow_only,XGBoost,0.45,0.543404030202472,0.24251497005988024,0.6033157135992311,0.5284107991100956,0.3459630752273354,8788,7843,1651,2511
flow_only,XGBoost,0.5,0.6265570143798393,0.26091572660915724,0.4723690533397405,0.6651434068907462,0.3361545695477473,11062,5569,2196,1966
flow_only,XGBoost,0.55,0.6977348146010677,0.2830574289801758,0.3327727054300817,0.7890686068185918,0.3059083379348426,13123,3508,2777,1385
flow_only,XGBoost,0.6,0.742028567306305,0.30499675535366644,0.22585295530994715,0.8712043773675666,0.25952512424075097,14489,2142,3222,940
flow_only,XGBoost,0.65,0.768335497523205,0.3269941891178024,0.14872657376261414,0.9233960675846311,0.20445912469033856,15357,1274,3543,619
flow_only,XGBoost,0.7,0.7834367335160871,0.35056967572305,0.09610764055742431,0.9554446515543262,0.15085800490288515,15890,741,3762,400
flow_only,XGBoost,0.75,0.7903140479969221,0.35,0.05550216242191254,0.9742047982682942,0.09581086686022397,16202,429,3931,231
flow_only,XGBoost,0.8,0.793921031116241,0.3072100313479624,0.023546371936568958,0.9867115627442727,0.04374023655434055,16410,221,4064,98
flow_only,XGBoost,0.85,0.7975280142355601,0.19230769230769232,0.0036040365209034117,0.9962118934519872,0.007075471698113208,16568,63,4147,15
flow_only,XGBoost,0.9,0.7993555523493483,0.2222222222222222,0.0009610764055742432,0.9991581985448861,0.0019138755980861245,16617,14,4158,4
flow_only,XGBoost,0.95,0.7998364834319242,0.0,0.0,1.0,0.0,16631,0,4162,0
full_core_fusion,LogisticRegression,0.05,0.22137257730967153,0.2033931741960939,0.9908697741470447,0.028801635499969936,0.3375071609788035,479,16152,38,4124
full_core_fusion,LogisticRegression,0.1,0.23358822680709854,0.20405188015282524,0.9752522825564632,0.0479826829414948,0.3374906460463956,798,15833,103,4059
full_core_fusion,LogisticRegression,0.15,0.2402731688549031,0.20302210424217673,0.9555502162421913,0.061271120197222056,0.3348911624773694,1019,15612,185,3977
full_core_fusion,LogisticRegression,0.2,0.25272928389361804,0.20322445998121674,0.9358481499279193,0.08177499849678312,0.33393347050754457,1360,15271,267,3895
full_core_fusion,LogisticRegression,0.25,0.28067137979127593,0.20526402009501446,0.903171552138395,0.1248872587336901,0.33450500556173524,2077,14554,403,3759
full_core_fusion,LogisticRegression,0.3,0.32967825710575677,0.21219971738106452,0.865929841422393,0.1954783236125308,0.3408682493142911,3251,13380,558,3604
full_core_fusion,LogisticRegression,0.35,0.39316116000577117,0.2201853077432164,0.7993753003363767,0.2915038181708857,0.34526774595267745,4848,11783,835,3327
full_core_fusion,LogisticRegression,0.4,0.4687635261866974,0.2307993117472235,0.7090341182123979,0.40863447778245443,0.3482416804342695,6796,9835,1211,2951
full_core_fusion,LogisticRegression,0.45,0.5382099745106527,0.24110032362459546,0.6086016338298895,0.5205940713126089,0.3453776929370057,8658,7973,1629,2533
full_core_fusion,LogisticRegression,0.5,0.6067426537777136,0.2567551193505392,0.5091302258529553,0.631170705309362,0.3413612565445026,10497,6134,2043,2119
full_core_fusion,LogisticRegression,0.55,0.673832539797047,0.28268082282680823,0.4094185487746276,0.7400036077205219,0.33444553483807654,12307,4324,2458,1704
full_core_fusion,LogisticRegression,0.6,0.7292838936180446,0.3198231392778187,0.31283037001441616,0.833503697913535,0.316288108830317,13862,2769,2860,1302
full_core_fusion,LogisticRegression,0.65,0.7667965180589621,0.36587270597422883,0.22513214800576645,0.9023510312067825,0.2787446080618771,15007,1624,3225,937
full_core_fusion,LogisticRegression,0.7,0.7874765546097244,0.4169360051712993,0.1549735703988467,0.9457639348205159,0.22595901208617972,15729,902,3517,645
full_core_fusion,LogisticRegression,0.75,0.796710431395181,0.46494066882416396,0.1035559827006247,0.9701761770188203,0.16938494792690115,16135,496,3731,431
full_core_fusion,LogisticRegression,0.8,0.7998364834319242,0.5,0.06487265737626141,0.9837652576513739,0.11484474691620587,16361,270,3892,270
full_core_fusion,LogisticRegression,0.85,0.7993074592410907,0.4816053511705686,0.03459875060067275,0.9906800553183813,0.06455951580363148,16476,155,4018,144
full_core_fusion,LogisticRegression,0.9,0.7990189005915452,0.42857142857142855,0.0122537241710716,0.9959112500751608,0.023826208829712685,16563,68,4111,51
full_core_fusion,LogisticRegression,0.95,0.7993555523493483,0.2727272727272727,0.0014416146083613647,0.9990379411941555,0.0028680688336520078,16615,16,4156,6
full_core_fusion,RandomForest,0.05,0.20146203049103065,0.2001638712165028,0.997837578087458,0.0021646323131501413,0.3334403853873946,36,16595,9,4153
full_core_fusion,RandomForest,0.1,0.23002933679603713,0.19995948136142624,0.948582412301778,0.05020744393001022,0.33029365012967454,835,15796,214,3948
full_core_fusion,RandomForest,0.15,0.32207954600105804,0.20431003690915586,0.8246035559827006,0.19632012506764476,0.32748091603053436,3265,13366,730,3432
full_core_fusion,RandomForest,0.2,0.48073871014283653,0.22603022545214305,0.6576165305141759,0.4364740544765799,0.33642677155675743,7259,9372,1425,2737
full_core_fusion,RandomForest,0.25,0.6412254123984034,0.26429388221841055,0.4442575684766939,0.6905177078948951,0.33142140168488976,11484,5147,2313,1849
full_core_fusion,RandomForest,0.3,0.7277449141538017,0.28821701045493076,0.245074483421432,0.8485358667548554,0.26490066225165565,14112,2519,3142,1020
full_core_fusion,RandomForest,0.35,0.7720386668590391,0.3130659767141009,0.11629024507448342,0.9361433467620708,0.1695865451997197,15569,1062,3678,484
full_core_fusion,RandomForest,0.4,0.789496465156543,0.330173775671406,0.05021624219125421,0.9745054416451205,0.08717413972888426,16207,424,3953,209
full_core_fusion,RandomForest,0.45,0.7961814072043476,0.3549618320610687,0.022345026429601154,0.9898382538632674,0.042043399638336344,16462,169,4069,93
full_core_fusion,RandomForest,0.5,0.7979608522098783,0.3464566929133858,0.010571840461316675,0.9950093199446817,0.02051760317090231,16548,83,4118,44
full_core_fusion,RandomForest,0.55,0.7987303419419998,0.31746031746031744,0.004805382027871216,0.9974144669592929,0.009467455621301775,16588,43,4142,20
full_core_fusion,RandomForest,0.6,0.7993555523493483,0.2916666666666667,0.0016818837097549255,0.9989778125187903,0.0033444816053511705,16614,17,4155,7
full_core_fusion,RandomForest,0.65,0.7996922041071515,0.38461538461538464,0.001201345506967804,0.9995189705970777,0.0023952095808383233,16623,8,4157,5
full_core_fusion,RandomForest,0.7,0.7997402972154091,0.0,0.0,0.9998797426492695,0.0,16629,2,4162,0
full_core_fusion,RandomForest,0.75,0.7998364834319242,0.0,0.0,1.0,0.0,16631,0,4162,0
full_core_fusion,RandomForest,0.8,0.7998364834319242,0.0,0.0,1.0,0.0,16631,0,4162,0
full_core_fusion,RandomForest,0.85,0.7998364834319242,0.0,0.0,1.0,0.0,16631,0,4162,0
full_core_fusion,RandomForest,0.9,0.7998364834319242,0.0,0.0,1.0,0.0,16631,0,4162,0
full_core_fusion,RandomForest,0.95,0.7998364834319242,0.0,0.0,1.0,0.0,16631,0,4162,0
full_core_fusion,XGBoost,0.05,0.20213533400663686,0.20047238021787334,0.9992791926958193,0.002645661716072395,0.3339489320700177,44,16587,3,4159
full_core_fusion,XGBoost,0.1,0.21516856634444284,0.20122880314573605,0.9836617011052379,0.022848896638807046,0.3341086220263598,380,16251,68,4094
full_core_fusion,XGBoost,0.15,0.24262973115952485,0.20307534597642235,0.9519461797212878,0.06511935542060009,0.33474146671172694,1083,15548,200,3962
full_core_fusion,XGBoost,0.2,0.28447073534362527,0.20686070686070687,0.9084574723690534,0.12831459322951116,0.3369875222816399,2134,14497,381,3781
full_core_fusion,XGBoost,0.25,0.3332371471168182,0.212890625,0.8642479577126382,0.20034874631711863,0.3416278848893532,3332,13299,565,3597
full_core_fusion,XGBoost,0.3,0.3886885009378156,0.2192815393708544,0.8022585295530995,0.28519030725753114,0.3444220950023209,4743,11888,823,3339
full_core_fusion,XGBoost,0.35,0.4478430240946472,0.22511830541575903,0.7200864968765017,0.37971258493175397,0.3430042918454936,6315,10316,1165,2997
full_core_fusion,XGBoost,0.4,0.5139229548405714,0.2336230845057801,0.626381547333013,0.48577956827611085,0.3403172116702565,8079,8552,1555,2607
full_core_fusion,XGBoost,0.45,0.5882268070985428,0.2479954180985109,0.5201826045170591,0.6052552462269256,0.33586720446788704,10066,6565,1997,2165
full_core_fusion,XGBoost,0.5,0.6592122348867407,0.27091820745847695,0.41542527630946663,0.7202212735253443,0.32795902883156297,11978,4653,2433,1729
full_core_fusion,XGBoost,0.55,0.7179820131775116,0.3011682242990654,0.30970687169629985,0.8201551319824424,0.3053778725420516,13640,2991,2873,1289
full_core_fusion,XGBoost,0.6,0.7607367864185063,0.3393915448439352,0.2063911580970687,0.899464854789249,0.25668608994471837,14959,1672,3303,859
full_core_fusion,XGBoost,0.65,0.7834848266243447,0.3678071539657854,0.11364728495915426,0.951115386928026,0.1736417033773862,15818,813,3689,473
full_core_fusion,XGBoost,0.7,0.7934881931419228,0.3695652173913043,0.04493032196059587,0.9808189525584752,0.08011996572407884,16312,319,3975,187
full_core_fusion,XGBoost,0.75,0.7976242004520753,0.375,0.016578567996155695,0.9930852023329926,0.031753336401288544,16516,115,4093,69
full_core_fusion,XGBoost,0.8,0.7986341557254846,0.24489795918367346,0.0028832292167227293,0.9977752390114846,0.00569935882213251,16594,37,4150,12
full_core_fusion,XGBoost,0.85,0.7996441109988939,0.3333333333333333,0.0009610764055742432,0.9995189705970777,0.0019166267369429804,16623,8,4158,4
full_core_fusion,XGBoost,0.9,0.7998364834319242,0.0,0.0,1.0,0.0,16631,0,4162,0
full_core_fusion,XGBoost,0.95,0.7998364834319242,0.0,0.0,1.0,0.0,16631,0,4162,0
full_minus_ecg,XGBoost,0.05,0.20030779589284856,0.20016355589763324,0.9997597308986065,0.0002405147014611268,0.33354709418837675,4,16627,1,4161
full_minus_ecg,XGBoost,0.1,0.2106959072764873,0.20168517436197156,0.9949543488707352,0.014430882087667608,0.33538511379282415,240,16391,21,4141
full_minus_ecg,XGBoost,0.15,0.2337325061318713,0.2043502285628171,0.9774147044690052,0.04762191088930311,0.3380281690140845,792,15839,94,4068
full_minus_ecg,XGBoost,0.2,0.2605203674313471,0.20693079657118962,0.9512253724171071,0.08766760868258072,0.3399158581608998,1458,15173,203,3959
full_minus_ecg,XGBoost,0.25,0.2965421055162795,0.20967652444099208,0.9079769341662662,0.14352714809692743,0.3406806400721208,2387,14244,383,3779
full_minus_ecg,XGBoost,0.3,0.34915596595007936,0.21559939301972686,0.8534358481499279,0.22295712825446456,0.3442360808257014,3708,12923,610,3552
full_minus_ecg,XGBoost,0.35,0.41235031020054824,0.22299388021728667,0.7791926958193176,0.32054596837231675,0.3467522052927025,5331,11300,919,3243
full_minus_ecg,XGBoost,0.4,0.4827105275813976,0.23282009724473257,0.6902931283037002,0.4307618303168781,0.3482002181553751,7164,9467,1289,2873
full_minus_ecg,XGBoost,0.45,0.5592747559274756,0.2509460266879108,0.6054781355117732,0.547712103902351,0.3548296254576176,9109,7522,1642,2520
full_minus_ecg,XGBoost,0.5,0.629394507767037,0.26987012987012987,0.49927919269581933,0.6619565870963863,0.3503625021075704,11009,5622,2084,2078
full_minus_ecg,XGBoost,0.55,0.6928293175587938,0.29761688193560126,0.39308024987986545,0.7678431844146474,0.3387514235428098,12770,3861,2526,1636
full_minus_ecg,XGBoost,0.6,0.7371711633722887,0.32859773743751647,0.30009610764055744,0.8465516204678011,0.31370086650759765,14079,2552,2913,1249
full_minus_ecg,XGBoost,0.65,0.770884432260857,0.3754139072847682,0.21792407496395963,0.9092658288737899,0.27576771055031923,15122,1509,3255,907
full_minus_ecg,XGBoost,0.7,0.7858413889289665,0.39944713199723564,0.13887554060547813,0.9477481811075702,0.2060973435550009,15762,869,3584,578
full_minus_ecg,XGBoost,0.75,0.7943057759823018,0.42363877822045154,0.0766458433445459,0.9739041548914678,0.12980671414038658,16197,434,3843,319
full_minus_ecg,XGBoost,0.8,0.7980089453181359,0.4460227272727273,0.037722248918789045,0.9882749083037701,0.06956136464333186,16436,195,4005,157
full_minus_ecg,XGBoost,0.85,0.7984417832924542,0.384,0.011532916866890917,0.9953700919968733,0.02239328201539538,16554,77,4114,48
full_minus_ecg,XGBoost,0.9,0.799163179916318,0.15,0.0007208073041806823,0.9989778125187903,0.0014347202295552368,16614,17,4159,3
full_minus_ecg,XGBoost,0.95,0.7998364834319242,0.0,0.0,1.0,0.0,16631,0,4162,0
full_minus_effort,XGBoost,0.05,0.2041071514451979,0.20034834776718757,0.9949543488707352,0.006193253562624015,0.33353469453505696,103,16528,21,4141
full_minus_effort,XGBoost,0.1,0.22892319530611263,0.20216769531838025,0.9680442095146564,0.04395406169202092,0.3344817566726163,731,15900,133,4029
full_minus_effort,XGBoost,0.15,0.2638868850093782,0.20590098173756993,0.9372897645362807,0.09536407912933678,0.3376319889215856,1586,15045,261,3901
full_minus_effort,XGBoost,0.2,0.29668638484105225,0.2084169453734671,0.8983661701105238,0.14611268113763454,0.3383404216812958,2430,14201,423,3739
full_minus_effort,XGBoost,0.25,0.3401144615976531,0.2140592282381095,0.8596828447861605,0.21008959172629427,0.3427695550126934,3494,13137,584,3578
full_minus_effort,XGBoost,0.3,0.3883999422882701,0.21952658842043143,0.8044209514656415,0.2842883771270519,0.34492350486787204,4728,11903,814,3348
full_minus_effort,XGBoost,0.35,0.4429375270523734,0.22459734283381577,0.7270543008169149,0.37183572845890206,0.3431811738020981,6184,10447,1136,3026
full_minus_effort,XGBoost,0.4,0.5124320684845861,0.23463587921847248,0.6347909658817876,0.48181107570200227,0.3426274153806251,8013,8618,1520,2642
full_minus_effort,XGBoost,0.45,0.5848121964122541,0.2504186669643854,0.5389235944257569,0.5962960735974987,0.3419467947252077,9917,6714,1919,2243
full_minus_effort,XGBoost,0.5,0.655220506901361,0.27243832299076737,0.4324843825084094,0.7109614575190909,0.33429287770452226,11824,4807,2362,1800
full_minus_effort,XGBoost,0.55,0.7121146539700861,0.2965194109772423,0.3193176357520423,0.8104142865732668,0.3074965293845442,13478,3153,2833,1329
full_minus_effort,XGBoost,0.6,0.7555908238349445,0.33162518301610544,0.21768380586256608,0.8902050387829956,0.2628372497824195,14805,1826,3256,906
full_minus_effort,XGBoost,0.65,0.7823305920261626,0.37219101123595505,0.1273426237385872,0.9462449642234382,0.18976011457214464,15737,894,3632,530
full_minus_effort,XGBoost,0.7,0.7931034482758621,0.3801369863013699,0.053339740509370494,0.978233419517768,0.09355246523388117,16269,362,3940,222
full_minus_effort,XGBoost,0.75,0.7973356418025297,0.3686868686868687,0.017539644401729938,0.9924839155793398,0.033486238532110094,16506,125,4089,73
full_minus_effort,XGBoost,0.8,0.7989708074832876,0.3392857142857143,0.004565112926477655,0.9977752390114846,0.009009009009009009,16594,37,4143,19
full_minus_effort,XGBoost,0.85,0.7994036454576059,0.2,0.0007208073041806823,0.9992784558956166,0.0014364376346660283,16619,12,4159,3
full_minus_effort,XGBoost,0.9,0.7998845765401817,1.0,0.0002402691013935608,1.0,0.00048042277203939464,16631,0,4161,1
full_minus_effort,XGBoost,0.95,0.7998364834319242,0.0,0.0,1.0,0.0,16631,0,4162,0
full_minus_flow,XGBoost,0.05,0.2048285480690617,0.20055184432181236,0.9954348870735223,0.006974926342372677,0.3338436744560838,116,16515,19,4143
full_minus_flow,XGBoost,0.1,0.22084355311883808,0.20056707954036712,0.9687650168188371,0.03367205820455775,0.33233051720585205,560,16071,130,4032
full_minus_flow,XGBoost,0.15,0.2391670273649786,0.20089285714285715,0.9406535319557905,0.06361613853646804,0.3310782241014799,1058,15573,247,3915
full_minus_flow,XGBoost,0.2,0.27249555138748616,0.20347233490183353,0.9038923594425757,0.11448499789549636,0.3321707650876341,1904,14727,400,3762
full_minus_flow,XGBoost,0.25,0.31813591112393597,0.2079542803825519,0.8567996155694377,0.18333233118874392,0.3346785546691694,3049,13582,596,3566
full_minus_flow,XGBoost,0.3,0.37310633386235753,0.2126060763101639,0.7885631907736665,0.2691359509350009,0.33491504668605543,4476,12155,880,3282
full_minus_flow,XGBoost,0.35,0.440773337180782,0.22183308494783904,0.7152811148486304,0.3720762431603632,0.33864179274257766,6188,10443,1185,2977
full_minus_flow,XGBoost,0.4,0.5147405376809503,0.23234603575943652,0.6182123978856319,0.48884613071974026,0.3377526909950118,8130,8501,1589,2573
full_minus_flow,XGBoost,0.45,0.5886596450728611,0.24778862722573233,0.5182604517059106,0.6062774337081354,0.33527628817906274,10083,6548,2005,2157
full_minus_flow,XGBoost,0.5,0.6608474005674987,0.2701972010178117,0.40821720326765976,0.7240695087487222,0.32516746411483255,12042,4589,2463,1699
full_minus_flow,XGBoost,0.55,0.7174529889866782,0.2948502994011976,0.2957712638154733,0.8229811797246107,0.2953100635720283,13687,2944,2931,1231
full_minus_flow,XGBoost,0.6,0.7549175203193382,0.3148295003965107,0.19077366650648728,0.8960976489687932,0.23758228605625373,14903,1728,3368,794
full_minus_flow,XGBoost,0.65,0.7777136536334344,0.335243553008596,0.11244593945218645,0.9442005892610186,0.16840590140338252,15703,928,3694,468
full_minus_flow,XGBoost,0.7,0.7942095897657866,0.4143484626647145,0.0679961556943777,0.9759485298538874,0.11682146542827658,16231,400,3879,283
full_minus_flow,XGBoost,0.75,0.799163179916318,0.47635135135135137,0.033877943296492075,0.9906800553183813,0.063257065948856,16476,155,4021,141
full_minus_flow,XGBoost,0.8,0.8007021593805608,0.6125,0.011773185968284479,0.9981360110636762,0.0231023102310231,16600,31,4113,49
full_minus_flow,XGBoost,0.85,0.7998364834319242,0.5,0.0007208073041806823,0.9998196139739042,0.0014395393474088292,16628,3,4159,3
full_minus_flow,XGBoost,0.9,0.7998845765401817,1.0,0.0002402691013935608,1.0,0.00048042277203939464,16631,0,4161,1
full_minus_flow,XGBoost,0.95,0.7998364834319242,0.0,0.0,1.0,0.0,16631,0,4162,0
full_minus_spo2,XGBoost,0.05,0.20891646227095656,0.20094436060945334,0.9918308505526189,0.012987793878900847,0.33418336369156043,216,16415,34,4128
full_minus_spo2,XGBoost,0.1,0.23719520992641754,0.20431683768892483,0.9711677078327727,0.05351452107510071,0.33760701607851323,890,15741,120,4042
full_minus_spo2,XGBoost,0.15,0.2698504304333189,0.20824949698189135,0.9449783757808746,0.1008959172629427,0.3412877473099618,1678,14953,229,3933
full_minus_spo2,XGBoost,0.2,0.30943105852931274,0.21371216800494133,0.9144641999038924,0.15801815885996032,0.3464566929133858,2628,14003,356,3806
full_minus_spo2,XGBoost,0.25,0.35675467705477804,0.21950922486756377,0.8661701105237867,0.22927063916781915,0.3502550400777265,3813,12818,557,3605
full_minus_spo2,XGBoost,0.3,0.41047467897850237,0.22470076169749728,0.7938491110043249,0.3145331008357886,0.3502597264921022,5231,11400,858,3304
full_minus_spo2,XGBoost,0.35,0.4711200884913192,0.22917822331405024,0.6948582412301778,0.4151283747219049,0.34467552589237826,6904,9727,1270,2892
full_minus_spo2,XGBoost,0.4,0.5364786226133795,0.2346384958325257,0.5816914944738106,0.5251638506403704,0.3343922651933702,8734,7897,1741,2421
full_minus_spo2,XGBoost,0.45,0.595296494012408,0.23827692307692308,0.4651609802979337,0.6278636281642715,0.315129811996419,10442,6189,2226,1936
full_minus_spo2,XGBoost,0.5,0.6519501755398451,0.241466285522112,0.3450264296011533,0.7287595454272142,0.28410327431002075,12120,4511,2726,1436
full_minus_spo2,XGBoost,0.55,0.6986966767662194,0.24081833867389696,0.23474291206150888,0.8148036798749324,0.23774181773938435,13551,3080,3185,977
full_minus_spo2,XGBoost,0.6,0.7375559082383495,0.24517906336088155,0.14968765016818836,0.8846732006493897,0.18588691630613158,14713,1918,3539,623
full_minus_spo2,XGBoost,0.65,0.7663155869763862,0.2472806381435823,0.08193176357520422,0.9375864349708376,0.12308247608734886,15593,1038,3821,341
full_minus_spo2,XGBoost,0.7,0.7845909681142692,0.23973727422003285,0.035079288803459875,0.9721604233058746,0.06120310207503668,16168,463,4016,146
full_minus_spo2,XGBoost,0.75,0.7943057759823018,0.2300469483568075,0.011773185968284479,0.9901388972400939,0.0224,16467,164,4113,49
full_minus_spo2,XGBoost,0.8,0.7982013177511662,0.18518518518518517,0.002402691013935608,0.9973543382839276,0.004743833017077799,16587,44,4152,10
full_minus_spo2,XGBoost,0.85,0.7994036454576059,0.0,0.0,0.9994588419217124,0.0,16622,9,4162,0
full_minus_spo2,XGBoost,0.9,0.7998364834319242,0.0,0.0,1.0,0.0,16631,0,4162,0
full_minus_spo2,XGBoost,0.95,0.7998364834319242,0.0,0.0,1.0,0.0,16631,0,4162,0
late_fusion,XGBoost,0.05,0.2001635165680758,0.2001635165680758,1.0,0.0,0.3335604087357243,0,16631,0,4162
late_fusion,XGBoost,0.1,0.2001635165680758,0.2001635165680758,1.0,0.0,0.3335604087357243,0,16631,0,4162
late_fusion,XGBoost,0.15,0.20045207521762132,0.2001924464758239,0.9997597308986065,0.0004209007275569719,0.3335872048743336,7,16624,1,4161
late_fusion,XGBoost,0.2,0.20468426874428894,0.20034868516635188,0.993993272465161,0.007155312368468523,0.33348111724638263,119,16512,25,4137
late_fusion,XGBoost,0.25,0.22536430529505122,0.20290503904889817,0.9800576645843344,0.03649810594672599,0.3362044096435195,607,16024,83,4079
late_fusion,XGBoost,0.3,0.2777377001875631,0.20864197530864198,0.9339259971167708,0.11352293908965186,0.3410845910845911,1888,14743,275,3887
late_fusion,XGBoost,0.35,0.36435338815947677,0.2187364105112754,0.8459875060067276,0.24382177860621732,0.3475985981539069,4055,12576,641,3521
late_fusion,XGBoost,0.4,0.46659933631510603,0.23224360460622923,0.7220086496876502,0.40268173892129155,0.3514414361733232,6697,9934,1157,3005
late_fusion,XGBoost,0.45,0.5806761891021016,0.25555197940135177,0.5723209995194618,0.5827671216403103,0.3533338277831343,9692,6939,1780,2382
late_fusion,XGBoost,0.5,0.682681671716443,0.28832116788321166,0.39860643921191735,0.7537730743791714,0.3346107301331182,12536,4095,2503,1659
late_fusion,XGBoost,0.55,0.7549656134275958,0.33908244222145567,0.23618452666987025,0.8847934580001202,0.2784308171647075,14715,1916,3179,983
late_fusion,XGBoost,0.6,0.7885346029913913,0.3951828724353256,0.10643921191734743,0.959232758102339,0.16770774181336362,15953,678,3719,443
late_fusion,XGBoost,0.65,0.7973837349107873,0.4117647058823529,0.028592023065833735,0.9897781251879021,0.053471130083127386,16461,170,4043,119
late_fusion,XGBoost,0.7,0.8005097869475304,0.6346153846153846,0.007928880345987505,0.9988575551680596,0.01566207878500237,16612,19,4129,33
late_fusion,XGBoost,0.75,0.7998364834319242,0.5,0.0007208073041806823,0.9998196139739042,0.0014395393474088292,16628,3,4159,3
late_fusion,XGBoost,0.8,0.7998364834319242,0.0,0.0,1.0,0.0,16631,0,4162,0
late_fusion,XGBoost,0.85,0.7998364834319242,0.0,0.0,1.0,0.0,16631,0,4162,0
late_fusion,XGBoost,0.9,0.7998364834319242,0.0,0.0,1.0,0.0,16631,0,4162,0
late_fusion,XGBoost,0.95,0.7998364834319242,0.0,0.0,1.0,0.0,16631,0,4162,0
respiratory_fusion,XGBoost,0.05,0.20025970278459096,0.2001539275578431,0.9997597308986065,0.00018038602609584512,0.3335337261031622,3,16628,1,4161
respiratory_fusion,XGBoost,0.1,0.21035925551868417,0.20170357751277684,0.9956751561749159,0.013829595334014792,0.3354514914801473,230,16401,18,4144
respiratory_fusion,XGBoost,0.15,0.23599288221997788,0.20483383685800605,0.9774147044690052,0.05044795863147135,0.3386895345932895,839,15792,94,4068
respiratory_fusion,XGBoost,0.2,0.2604241812148319,0.2071846282372598,0.9533877943296492,0.08700619325356262,0.3403963283863773,1447,15184,194,3968
respiratory_fusion,XGBoost,0.25,0.2918770740152936,0.20868270079435128,0.9089380105718404,0.13745415188503396,0.33943472409152087,2286,14345,379,3783
respiratory_fusion,XGBoost,0.3,0.33982590294810755,0.21233082706766918,0.8481499279192696,0.2126149960916361,0.33963534901621206,3536,13095,632,3530
respiratory_fusion,XGBoost,0.35,0.4072524407252441,0.22084672731003352,0.7758289283998078,0.31501413023871083,0.343821540754938,5239,11392,933,3229
respiratory_fusion,XGBoost,0.4,0.4805463377098062,0.23023161316537993,0.6806823642479577,0.4304611869400517,0.34408210360114166,7159,9472,1329,2833
respiratory_fusion,XGBoost,0.45,0.559226662819218,0.24591163026917218,0.5816914944738106,0.5536047140881486,0.34568430070678946,9207,7424,1741,2421
respiratory_fusion,XGBoost,0.5,0.6281440869523397,0.26275917065390747,0.47501201345506966,0.6664662377487824,0.3383535854869074,11084,5547,2185,1977
respiratory_fusion,XGBoost,0.55,0.6842206511806858,0.28121587186021113,0.3712157616530514,0.7625518609825026,0.3200082850041425,12682,3949,2617,1545
respiratory_fusion,XGBoost,0.6,0.7239455586014524,0.2943169968717414,0.2712638154733301,0.8372316757861824,0.28232058014503625,13924,2707,3033,1129
respiratory_fusion,XGBoost,0.65,0.7527533304477468,0.3119477525931617,0.19509851033157136,0.8923095424207804,0.2400591278640059,14840,1791,3350,812
respiratory_fusion,XGBoost,0.7,0.773673832539797,0.32519280205655526,0.12157616530514176,0.9368648908664542,0.1769849597761455,15581,1050,3656,506
respiratory_fusion,XGBoost,0.75,0.7849757129803299,0.31585220500595945,0.0636713118692936,0.9654861403403283,0.10597880423915217,16057,574,3897,265
respiratory_fusion,XGBoost,0.8,0.7923339585437407,0.29896907216494845,0.02787121576165305,0.9836450003006434,0.05098901098901099,16359,272,4046,116
respiratory_fusion,XGBoost,0.85,0.7972394555860145,0.2545454545454545,0.006727534839019702,0.9950694486200469,0.013108614232209739,16549,82,4134,28
respiratory_fusion,XGBoost,0.9,0.7992593661328332,0.0,0.0,0.9992784558956166,0.0,16619,12,4162,0
respiratory_fusion,XGBoost,0.95,0.7998364834319242,0.0,0.0,1.0,0.0,16631,0,4162,0
respiratory_spo2_fusion,XGBoost,0.05,0.20030779589284856,0.20016355589763324,0.9997597308986065,0.0002405147014611268,0.33354709418837675,4,16627,1,4161
respiratory_spo2_fusion,XGBoost,0.1,0.2106959072764873,0.20168517436197156,0.9949543488707352,0.014430882087667608,0.33538511379282415,240,16391,21,4141
respiratory_spo2_fusion,XGBoost,0.15,0.2337325061318713,0.2043502285628171,0.9774147044690052,0.04762191088930311,0.3380281690140845,792,15839,94,4068
respiratory_spo2_fusion,XGBoost,0.2,0.2605203674313471,0.20693079657118962,0.9512253724171071,0.08766760868258072,0.3399158581608998,1458,15173,203,3959
respiratory_spo2_fusion,XGBoost,0.25,0.2965421055162795,0.20967652444099208,0.9079769341662662,0.14352714809692743,0.3406806400721208,2387,14244,383,3779
respiratory_spo2_fusion,XGBoost,0.3,0.34915596595007936,0.21559939301972686,0.8534358481499279,0.22295712825446456,0.3442360808257014,3708,12923,610,3552
respiratory_spo2_fusion,XGBoost,0.35,0.41235031020054824,0.22299388021728667,0.7791926958193176,0.32054596837231675,0.3467522052927025,5331,11300,919,3243
respiratory_spo2_fusion,XGBoost,0.4,0.4827105275813976,0.23282009724473257,0.6902931283037002,0.4307618303168781,0.3482002181553751,7164,9467,1289,2873
respiratory_spo2_fusion,XGBoost,0.45,0.5592747559274756,0.2509460266879108,0.6054781355117732,0.547712103902351,0.3548296254576176,9109,7522,1642,2520
respiratory_spo2_fusion,XGBoost,0.5,0.629394507767037,0.26987012987012987,0.49927919269581933,0.6619565870963863,0.3503625021075704,11009,5622,2084,2078
respiratory_spo2_fusion,XGBoost,0.55,0.6928293175587938,0.29761688193560126,0.39308024987986545,0.7678431844146474,0.3387514235428098,12770,3861,2526,1636
respiratory_spo2_fusion,XGBoost,0.6,0.7371711633722887,0.32859773743751647,0.30009610764055744,0.8465516204678011,0.31370086650759765,14079,2552,2913,1249
respiratory_spo2_fusion,XGBoost,0.65,0.770884432260857,0.3754139072847682,0.21792407496395963,0.9092658288737899,0.27576771055031923,15122,1509,3255,907
respiratory_spo2_fusion,XGBoost,0.7,0.7858413889289665,0.39944713199723564,0.13887554060547813,0.9477481811075702,0.2060973435550009,15762,869,3584,578
respiratory_spo2_fusion,XGBoost,0.75,0.7943057759823018,0.42363877822045154,0.0766458433445459,0.9739041548914678,0.12980671414038658,16197,434,3843,319
respiratory_spo2_fusion,XGBoost,0.8,0.7980089453181359,0.4460227272727273,0.037722248918789045,0.9882749083037701,0.06956136464333186,16436,195,4005,157
respiratory_spo2_fusion,XGBoost,0.85,0.7984417832924542,0.384,0.011532916866890917,0.9953700919968733,0.02239328201539538,16554,77,4114,48
respiratory_spo2_fusion,XGBoost,0.9,0.799163179916318,0.15,0.0007208073041806823,0.9989778125187903,0.0014347202295552368,16614,17,4159,3
respiratory_spo2_fusion,XGBoost,0.95,0.7998364834319242,0.0,0.0,1.0,0.0,16631,0,4162,0
spo2_only,XGBoost,0.05,0.20025970278459096,0.20018277139146745,1.0,0.0001202573507305634,0.33358714383040117,2,16629,0,4162
spo2_only,XGBoost,0.1,0.2005001683258789,0.20020207852193994,0.9997597308986065,0.0004810294029222536,0.3336005772468532,8,16623,1,4161
spo2_only,XGBoost,0.15,0.20280863752224307,0.20002899671370578,0.9944738106679482,0.0046900366784919725,0.3330651001850809,78,16553,23,4139
spo2_only,XGBoost,0.2,0.21185014187466936,0.19999018453082057,0.9790965881787602,0.019842462870542962,0.3321379085500041,330,16301,87,4075
spo2_only,XGBoost,0.25,0.23127975761073438,0.2016454673934989,0.9598750600672753,0.04894474174733931,0.33327771752732127,814,15817,167,3995
spo2_only,XGBoost,0.3,0.2694656855672582,0.20361212642442486,0.9101393560788082,0.10913354578798629,0.33277694808047087,1815,14816,374,3788
spo2_only,XGBoost,0.35,0.32693694993507433,0.20638996715437444,0.8303700144161461,0.20095003307077144,0.33060697374085235,3342,13289,706,3456
spo2_only,XGBoost,0.4,0.41744817967585246,0.21409564904710535,0.7152811148486304,0.34291383560820154,0.3295511152930758,5703,10928,1185,2977
spo2_only,XGBoost,0.45,0.5446544510171692,0.24036014875709533,0.5901009130225853,0.5332812218146834,0.3415855354659249,8869,7762,1706,2456
spo2_only,XGBoost,0.5,0.6377146154955995,0.26926762491444217,0.47260932244113407,0.6790331309001263,0.34307142234237376,11293,5338,2195,1967
spo2_only,XGBoost,0.55,0.7060549223296302,0.302150974025974,0.35776069197501204,0.7932174854187962,0.3276127612761276,13192,3439,2673,1489
spo2_only,XGBoost,0.6,0.752609051122974,0.3483631871525633,0.2710235463719366,0.8731284949792556,0.30486486486486486,14521,2110,3034,1128
spo2_only,XGBoost,0.65,0.7750204395710095,0.37702573879885604,0.19005285920230658,0.9214118212975768,0.25271565495207665,15324,1307,3371,791
spo2_only,XGBoost,0.7,0.7881498581253307,0.39180765805877116,0.10571840461316674,0.9589321147255127,0.1665089877010407,15948,683,3722,440
spo2_only,XGBoost,0.75,0.7947867070648776,0.39766081871345027,0.0490148966842864,0.981420239312128,0.08727272727272728,16322,309,3958,204
spo2_only,XGBoost,0.8,0.7968547107199538,0.371900826446281,0.02162421912542047,0.9908604413444771,0.04087193460490463,16479,152,4072,90
spo2_only,XGBoost,0.85,0.7986822488337422,0.39090909090909093,0.010331571359923113,0.9959713787505261,0.020131086142322098,16564,67,4119,43
spo2_only,XGBoost,0.9,0.7994998316741211,0.36,0.002162421912542047,0.9990379411941555,0.0042990207786004295,16615,16,4153,9
spo2_only,XGBoost,0.95,0.7998364834319242,0.0,0.0,1.0,0.0,16631,0,4162,0
